-- phpMyAdmin SQL Dump
-- version 4.0.10.18
-- https://www.phpmyadmin.net
--
-- Servidor: localhost:3306
-- Tiempo de generación: 13-06-2018 a las 09:51:29
-- Versión del servidor: 5.6.39-cll-lve
-- Versión de PHP: 5.6.30

SET SQL_MODE = "NO_AUTO_VALUE_ON_ZERO";
SET time_zone = "+00:00";


/*!40101 SET @OLD_CHARACTER_SET_CLIENT=@@CHARACTER_SET_CLIENT */;
/*!40101 SET @OLD_CHARACTER_SET_RESULTS=@@CHARACTER_SET_RESULTS */;
/*!40101 SET @OLD_COLLATION_CONNECTION=@@COLLATION_CONNECTION */;
/*!40101 SET NAMES utf8 */;

--
-- Base de datos: `hi-line`
--

-- --------------------------------------------------------

--
-- Estructura de tabla para la tabla `categorias`
--

CREATE TABLE IF NOT EXISTS `categorias` (
  `id_categorias` int(11) NOT NULL AUTO_INCREMENT,
  `nombre_categorias` varchar(100) DEFAULT NULL,
  PRIMARY KEY (`id_categorias`)
) ENGINE=InnoDB  DEFAULT CHARSET=latin1 AUTO_INCREMENT=4 ;

--
-- Volcado de datos para la tabla `categorias`
--

INSERT INTO `categorias` (`id_categorias`, `nombre_categorias`) VALUES
(1, 'Listening'),
(2, 'Speaking'),
(3, 'Reading');

-- --------------------------------------------------------

--
-- Estructura de tabla para la tabla `clientes`
--

CREATE TABLE IF NOT EXISTS `clientes` (
  `id_cliente` int(11) NOT NULL AUTO_INCREMENT,
  `correo` varchar(100) COLLATE utf8mb4_spanish_ci NOT NULL,
  `celular` bigint(11) NOT NULL,
  `nombres` varchar(100) COLLATE utf8mb4_spanish_ci NOT NULL,
  `apellidos` varchar(100) COLLATE utf8mb4_spanish_ci NOT NULL,
  `enfoque` varchar(200) COLLATE utf8mb4_spanish_ci NOT NULL,
  `id_tutor` int(11) NOT NULL,
  `horario_llamada` varchar(50) COLLATE utf8mb4_spanish_ci NOT NULL,
  `fecha_inicio` date NOT NULL,
  `fecha_registro_s` datetime NOT NULL,
  `n_llamadas` int(11) NOT NULL,
  PRIMARY KEY (`id_cliente`),
  UNIQUE KEY `celular` (`celular`),
  UNIQUE KEY `correo` (`correo`),
  KEY `id_tutor` (`id_tutor`)
) ENGINE=InnoDB  DEFAULT CHARSET=utf8mb4 COLLATE=utf8mb4_spanish_ci AUTO_INCREMENT=37 ;

--
-- Volcado de datos para la tabla `clientes`
--

INSERT INTO `clientes` (`id_cliente`, `correo`, `celular`, `nombres`, `apellidos`, `enfoque`, `id_tutor`, `horario_llamada`, `fecha_inicio`, `fecha_registro_s`, `n_llamadas`) VALUES
(1, 'm.figueroa@mapei.com.co', 3002159624, 'Monica ', 'Figueroa', 'Considero que necesita mayor fluidez y por el primer ciclo sería bastante bueno 10 minutos al día, 5 días a la semana.', 1, '8-5', '2018-01-09', '2018-06-08 21:16:48', 18),
(2, 'f.blanco@mapei.com.co', 3212050020, 'Fabio ', 'Blanco', 'Considero que necesita mayor fluidez y por el primer ciclo sería bastante bueno 10 minutos al día, 5 días a la semana.     (L-V)', 1, '8-5', '2018-01-09', '2018-03-26 21:45:27', -5),
(3, 'l.torres@mapei.com.co', 3214400886, 'Laura ', 'Torres', 'Debido a su nivel considero que sería apropiado para ella. - en una llamada de 10 minutos al día, 5 días a la semana.', 1, '8-5', '2018-01-09', '2018-03-26 21:45:40', -2),
(4, 'm.perilla@mapei.com.co', 3203477299, 'Miguel ', 'Perilla', 'Considero que debido a su nivel se podría conseguir resultados interesantes, en  llamadas de 30 minutos al día, 4 días a la semana. (L-J)', 1, '8-5', '2018-01-09', '2018-05-08 23:32:41', 0),
(5, 'angelica.duenas@bayer.com', 3108597985, 'Maria Angelica ', 'Dueñas', '°Reto personal, sotener una presentación en Público. # hablar con fluidez.  "temas: agronomia, viajes, comida"', 1, '6 pm', '2018-01-09', '2018-06-02 02:59:29', 1),
(6, 'andres.palacios@pepsico.com', 3134640641, 'Andres', 'Palacios', '2. Mejorar la velacidad para leer y aumentar vocabulario (10) palabras al mes. \r\n1.Tener una conversación fluida, enetender y poder construir ', 1, '6:30 pm', '2018-01-15', '2018-06-02 02:50:55', 12),
(7, 'esperanza.vazquez@hotmail.com', 3132524936, 'Esperanza', 'Vasquez ', 'Que construya confianza, perder el miedo. Enriquecer el conocimiento.  temas: study, work and learnt ', 1, '8,30pm', '2018-01-15', '2018-03-06 14:05:14', 0),
(8, 'pilar.Forero@hotmial.com', 3005604330, 'Pilar ', 'Forero', 'Mejorar mis habilidades en la comunicacion, praticar listening, speaking. ajustar vacios gramma.\r\nEscribo poemas, tareas, bailar, la cultura, tec', 1, '9:50pm', '2018-01-15', '2018-06-12 17:11:19', 21),
(9, 'andrea.palacios@pepsico.com', 3138014628, 'Andrea ', 'Palacios', 'Aprender a pensar en Inglés, esforzarme, a hablarlo y entenderlo.  Imagenes, audios, preferencias: leer noticias y articulos de interes.', 1, '7:30 am', '2018-01-15', '2018-06-02 02:48:34', 0),
(10, 'gerencia@ideco.com', 3214556338, 'Diego', 'Clavijo', 'x', 1, '6:15pm', '2018-01-15', '2018-04-04 15:32:25', 0),
(11, 'marit@etb.com', 3112548343, 'María Teresa ', 'Blanco ', 'Aprender hablar/combinar  verbos , entender otras (contracciones). Viajar, ejercicios, SPA consentirme bien.', 1, '9:35pm', '2018-01-15', '2018-06-02 02:47:07', 2),
(12, 'luisf@hotmail.com', 3105447898, 'Luis Fernando ', 'Castillo ', 'Tener mayor dominio del idioma (hablarlo y entenderlo) 20%más - Escuhcar musica, platicas, peliculas.', 1, '6:10 am', '2018-01-09', '2018-05-09 19:30:38', 0),
(13, 'nruiz@hotmail.com', 3207225110, 'Natalia', 'Ruiz', '2 Talk with structure, pronunciation, listening and fluid\r\n1Una forma adecuada la respuesta.  deporte, compartir, familia, trabajar, dormir, estudio', 1, '9:20 pm', '2018-01-09', '2018-06-02 02:44:19', 0),
(14, 'mariajose@hotmail.com', 3148212418, 'Maria José ', 'Jaramillo ', 'Reto profesional, y personal. Necesidad en el trabajo. ', 1, '5:30pm', '2018-01-16', '2018-05-08 22:42:32', 0),
(15, 'XX@hotmail.com', 3132524943, 'Alejandro ', 'Gonzalez', 'Fluency, building structure of simple sentences and vocabulary for travelling. ', 1, '8 PM', '2018-02-07', '2018-06-02 02:43:19', 4),
(16, 'maripibla2409@outlook.com', 3202114914, 'Mariana', 'pineda', 'Fluidez, viajar y hablar tranquila.', 1, '5:45 pm', '2018-02-07', '2018-06-02 02:42:32', 0),
(17, 'Alexandra.Sernal@hotmail.com', 573136376372, 'Alexandra ', 'Sernal', 'Fluir con el inglés para poder hacer una entrevista, porder entender más detalles (listening) y perder el miedo a hablar.1.Leer mejor y comprender', 1, '8 AM', '2018-02-12', '2018-06-12 17:13:06', 22),
(18, 'valentina@hom.com', 3104698377, 'Valentina ', '0', 'Aprender a comprender un idioma y mejorar la fluidez, sostener una conversación.  le gusta hablar de Hobbies, sports, travle and read.', 1, '1 pm', '2018-02-20', '2018-04-23 23:59:14', 0),
(19, 'd.valencia@mapei.com.co', 3002159938, 'David ', 'Valencia', 'Improve grammar and tenses. ', 1, '1:30', '2018-03-23', '2018-03-26 22:24:01', -2),
(20, 's.villegas@mapei.com.co', 3002159459, 'Sandra ', 'Villegas ', 'Improve pronunciation and vocabulary', 1, '1:30', '2018-02-23', '2018-03-26 22:23:01', -5),
(21, 'oswaldoarias@hotmail.com', 3168283276, 'Santiago ', 'Arias ', 'Listening,pronunciation', 1, '5:15', '2018-03-05', '2018-06-02 02:33:12', 0),
(22, 'roldan@hotmail.com', 3204310822, 'Fabian josé ', 'Roldan', 'improve pronunciation,', 1, '8:45 pm', '2018-03-07', '2018-04-07 01:32:41', 0),
(23, 'mariafer@hotmail.com', 50688306747, 'María Fernanda', 'Barrantes', 'Quiere tener fluidez y conseguir hablar sin miedo.', 1, '12:00 pm', '2018-03-12', '2018-04-12 18:10:48', 3),
(24, 'hector@liderazgoyventas.co', 3187344997, 'Hector ', 'Orozco', 'Profesionalmente necesita una capacitación y el poder comunicarse.', 1, '1:30', '2018-03-21', '2018-03-21 21:22:09', 0),
(25, 'jaime.ramirez@hotmail.com', 3168312872, 'Jaime ', 'Ramirez', 'practicarlo, volver a coger fluidez y recordar palabras.', 1, '6:30 am', '2018-03-22', '2018-06-08 15:07:25', 9),
(26, 'dayanafranco@hotmail.com', 3006258776, 'Dayana ', 'Franco', 'Perfeccionar el inglés y mejorar fluidez.', 1, '8:45 pm', '2018-04-03', '2018-06-06 17:25:43', 16),
(27, 'cristiapetecua@hotmail.com', 3208580297, 'Cristian Javier', 'Petecua', 'Mejorar speaking and listening.', 1, '8:15pm ', '2018-04-03', '2018-06-02 01:25:15', 0),
(28, 'Mayraroa@hotmail.com', 50764859229, 'Mayra alejandra ', 'Roa', ' Quiero sentir que hablo con más fluidez, Se me dificulta sobre todo el futuro ', 1, '3:50', '2018-04-03', '2018-06-02 02:17:11', 8),
(29, 'carlosalberto@hotmail.com', 3185160862, 'Carlos Alberto ', 'Figueroa', 'prácticar tiempos verbales, mejorar para presentar un examen de nivel b1', 1, '7:00 pm', '2018-04-06', '2018-06-02 02:32:11', 0),
(30, 'santigomez@hotmail.com', 3184522532, 'Santiago ', 'Gomez', 'Mejorar presente perfecto, y soltarme un poco.', 1, '5:00 pm', '2018-04-10', '2018-06-02 02:29:36', 0),
(31, 'camilamunoz@hotmail.com', 3175005029, 'Camila Andrea ', 'Muñoz', 'Fluency and confident to talk English, I don''t like', 1, '7:45pm', '2018-04-10', '2018-06-02 02:28:35', 0),
(32, 'yeisonlaiton@hotmail.com', 3132234299, 'Yeison', 'Latin', 'Hablar mejor, más estructurado y mejorar la pronunciación.', 1, '7:15 am', '2018-04-11', '2018-06-13 09:48:11', 22),
(33, 'jean.bernier@berniergroup.com', 3102660627, 'Jean', 'Bernier', '*Mejorar mi Inglés', 1, '6:15 pm', '2018-06-01', '2018-06-05 23:56:46', 15),
(34, 'elapibla18@hotmail.com', 3134306699, 'Alejandra', 'Pineda', 'Penosa para hablar, quiere confianza y que no se le olviden las palabras cuando hablan. ', 1, '6:45 pm', '2018-06-05', '2018-06-06 00:02:21', 16),
(35, 'xxxx@hotmail.com', 3209515545, 'Ivonne', 'Bernier', 'Mejorar la pronunciación, hablar de temas más comunes.', 1, '8:30 pm', '2018-06-05', '2018-06-06 22:05:06', 16),
(36, 'gcardona.72@gmail.com', 573153501835, 'Gustavo ', 'Cardona', 'hacer un proceso complementario a los cursos y el gramma, 8 meses de programa que quiere hacer.', 1, '9:15 pm  lunes, Martes y Jueves', '2018-06-12', '2018-06-12 17:36:21', 12);

-- --------------------------------------------------------

--
-- Estructura de tabla para la tabla `fortalezas`
--

CREATE TABLE IF NOT EXISTS `fortalezas` (
  `id_fortalezas` int(11) NOT NULL AUTO_INCREMENT,
  `nombre_fortalezas` varchar(100) DEFAULT NULL,
  `fk_categorias` int(11) DEFAULT NULL,
  PRIMARY KEY (`id_fortalezas`),
  KEY `fk_categorias_idx` (`fk_categorias`)
) ENGINE=InnoDB  DEFAULT CHARSET=latin1 AUTO_INCREMENT=11 ;

--
-- Volcado de datos para la tabla `fortalezas`
--

INSERT INTO `fortalezas` (`id_fortalezas`, `nombre_fortalezas`, `fk_categorias`) VALUES
(1, 'Comprensión', 1),
(2, 'Rapidez', 1),
(3, 'pronunciación', 1),
(4, 'Fluidez', 2),
(5, 'Vocabulario', 2),
(6, 'Claridad', 2),
(7, 'Vocabulario', 3),
(8, 'Velocidad', 3),
(9, 'Pronunciación', 3),
(10, 'Expresión', 3);

-- --------------------------------------------------------

--
-- Estructura de tabla para la tabla `fortalezas_llamadas`
--

CREATE TABLE IF NOT EXISTS `fortalezas_llamadas` (
  `id_fortalezas_llamadas` int(11) NOT NULL AUTO_INCREMENT,
  `fk_fortalezas` int(11) NOT NULL,
  `fK_llamadas` int(11) NOT NULL,
  PRIMARY KEY (`id_fortalezas_llamadas`),
  KEY `fk_fortalezas_idx` (`fk_fortalezas`),
  KEY `fk_llamadas_idx` (`fK_llamadas`)
) ENGINE=InnoDB  DEFAULT CHARSET=latin1 AUTO_INCREMENT=1124 ;

--
-- Volcado de datos para la tabla `fortalezas_llamadas`
--

INSERT INTO `fortalezas_llamadas` (`id_fortalezas_llamadas`, `fk_fortalezas`, `fK_llamadas`) VALUES
(10, 4, 6),
(11, 4, 7),
(12, 4, 8),
(15, 4, 11),
(16, 4, 12),
(17, 4, 13),
(18, 1, 14),
(19, 3, 14),
(20, 4, 14),
(21, 2, 15),
(22, 4, 15),
(23, 5, 15),
(25, 6, 17),
(26, 5, 21),
(27, 1, 22),
(28, 1, 23),
(29, 4, 26),
(30, 5, 27),
(31, 4, 28),
(32, 5, 30),
(33, 6, 31),
(34, 3, 3),
(35, 4, 32),
(36, 4, 33),
(37, 6, 35),
(38, 5, 9),
(39, 5, 10),
(40, 4, 36),
(41, 5, 37),
(43, 6, 38),
(44, 4, 39),
(45, 4, 40),
(46, 4, 41),
(47, 6, 42),
(48, 5, 46),
(49, 4, 48),
(50, 4, 52),
(52, 5, 54),
(53, 6, 55),
(57, 4, 58),
(58, 6, 59),
(59, 4, 60),
(60, 5, 61),
(61, 6, 62),
(62, 6, 63),
(66, 4, 67),
(67, 1, 57),
(68, 3, 57),
(69, 4, 57),
(70, 5, 66),
(71, 6, 66),
(72, 4, 70),
(73, 6, 71),
(74, 1, 65),
(75, 5, 73),
(76, 5, 74),
(77, 4, 75),
(79, 4, 77),
(80, 4, 78),
(81, 5, 78),
(82, 6, 80),
(83, 6, 81),
(84, 4, 82),
(85, 4, 83),
(86, 5, 84),
(87, 4, 85),
(88, 5, 85),
(89, 4, 86),
(90, 5, 86),
(91, 5, 87),
(92, 6, 76),
(93, 6, 89),
(94, 4, 90),
(95, 5, 90),
(96, 4, 92),
(97, 6, 92),
(98, 4, 93),
(99, 1, 94),
(100, 4, 94),
(101, 7, 96),
(102, 10, 96),
(103, 4, 98),
(104, 4, 101),
(105, 5, 101),
(106, 4, 102),
(107, 5, 103),
(108, 4, 104),
(109, 5, 104),
(110, 6, 105),
(111, 4, 106),
(112, 5, 107),
(113, 6, 108),
(114, 1, 109),
(115, 4, 112),
(116, 6, 112),
(117, 6, 114),
(120, 6, 120),
(121, 6, 121),
(122, 4, 122),
(123, 5, 122),
(124, 4, 118),
(125, 4, 124),
(126, 4, 125),
(127, 4, 119),
(129, 4, 126),
(130, 6, 127),
(131, 5, 128),
(132, 6, 129),
(133, 5, 130),
(134, 5, 132),
(135, 6, 132),
(136, 5, 134),
(138, 6, 135),
(139, 5, 136),
(140, 8, 136),
(141, 5, 137),
(142, 4, 138),
(143, 5, 139),
(144, 5, 141),
(145, 4, 142),
(147, 8, 143),
(148, 4, 145),
(149, 5, 145),
(150, 1, 146),
(151, 5, 147),
(152, 6, 148),
(153, 4, 149),
(154, 5, 149),
(155, 4, 150),
(156, 6, 150),
(158, 4, 152),
(159, 5, 152),
(160, 4, 153),
(161, 6, 154),
(163, 6, 157),
(164, 4, 158),
(166, 6, 151),
(167, 4, 156),
(168, 5, 163),
(169, 5, 164),
(170, 4, 166),
(171, 5, 168),
(172, 6, 168),
(173, 1, 169),
(174, 1, 170),
(175, 3, 170),
(176, 4, 171),
(177, 4, 172),
(178, 4, 174),
(179, 5, 174),
(180, 1, 176),
(181, 4, 176),
(182, 5, 176),
(183, 6, 176),
(185, 4, 178),
(186, 4, 179),
(187, 4, 181),
(188, 5, 181),
(190, 6, 185),
(191, 5, 186),
(192, 6, 188),
(193, 5, 189),
(194, 6, 189),
(195, 5, 190),
(196, 1, 192),
(197, 5, 192),
(198, 6, 194),
(199, 6, 197),
(200, 6, 198),
(201, 5, 199),
(202, 5, 201),
(203, 6, 202),
(204, 4, 203),
(206, 6, 207),
(207, 1, 208),
(208, 4, 209),
(209, 5, 209),
(210, 5, 210),
(211, 1, 211),
(212, 6, 211),
(213, 5, 212),
(216, 4, 214),
(217, 6, 214),
(218, 1, 215),
(219, 2, 215),
(220, 4, 217),
(221, 1, 219),
(222, 3, 219),
(223, 6, 222),
(224, 4, 223),
(225, 5, 223),
(226, 6, 223),
(227, 6, 224),
(228, 4, 226),
(229, 4, 227),
(230, 6, 227),
(231, 2, 228),
(232, 6, 205),
(234, 5, 234),
(235, 1, 235),
(236, 4, 235),
(237, 6, 235),
(238, 5, 236),
(239, 4, 231),
(240, 6, 238),
(241, 1, 239),
(242, 4, 242),
(243, 1, 243),
(244, 4, 245),
(245, 5, 245),
(246, 1, 246),
(247, 5, 246),
(248, 4, 247),
(249, 1, 248),
(250, 3, 248),
(251, 4, 251),
(252, 5, 251),
(253, 4, 2),
(254, 9, 2),
(255, 10, 2),
(256, 6, 252),
(257, 5, 254),
(261, 6, 256),
(262, 1, 257),
(263, 4, 257),
(264, 6, 257),
(265, 4, 259),
(266, 6, 260),
(267, 4, 261),
(268, 6, 261),
(269, 4, 262),
(270, 6, 262),
(273, 6, 264),
(274, 6, 265),
(276, 6, 267),
(277, 5, 268),
(278, 1, 255),
(279, 5, 255),
(280, 6, 255),
(281, 4, 269),
(282, 6, 269),
(283, 6, 270),
(284, 6, 266),
(285, 6, 263),
(286, 7, 263),
(287, 1, 272),
(288, 2, 272),
(289, 3, 272),
(290, 4, 274),
(291, 1, 275),
(292, 4, 277),
(293, 5, 278),
(294, 5, 279),
(295, 6, 280),
(298, 4, 281),
(299, 6, 281),
(300, 5, 282),
(301, 4, 283),
(302, 4, 284),
(303, 4, 285),
(304, 5, 285),
(305, 4, 286),
(306, 6, 287),
(307, 6, 288),
(308, 8, 289),
(310, 5, 290),
(311, 5, 291),
(312, 4, 293),
(313, 5, 294),
(314, 4, 302),
(315, 3, 305),
(316, 4, 306),
(317, 4, 307),
(318, 7, 308),
(319, 4, 309),
(320, 5, 313),
(321, 4, 314),
(322, 5, 316),
(323, 5, 317),
(324, 5, 318),
(325, 5, 321),
(326, 4, 323),
(327, 4, 324),
(328, 4, 325),
(329, 5, 325),
(330, 4, 326),
(331, 5, 327),
(333, 4, 329),
(335, 6, 331),
(336, 5, 332),
(337, 6, 333),
(338, 8, 333),
(339, 4, 334),
(340, 6, 335),
(341, 5, 338),
(342, 4, 339),
(343, 5, 339),
(344, 4, 340),
(345, 6, 340),
(346, 4, 341),
(347, 4, 343),
(348, 6, 344),
(349, 6, 345),
(350, 4, 346),
(351, 6, 347),
(352, 6, 349),
(353, 6, 350),
(354, 1, 351),
(355, 2, 351),
(356, 6, 351),
(357, 6, 352),
(358, 5, 354),
(359, 5, 355),
(360, 6, 356),
(361, 5, 357),
(362, 5, 358),
(363, 6, 359),
(364, 4, 363),
(365, 6, 364),
(366, 5, 366),
(367, 6, 367),
(368, 4, 370),
(369, 5, 370),
(370, 6, 371),
(371, 4, 372),
(372, 6, 372),
(373, 6, 373),
(374, 6, 376),
(375, 5, 378),
(376, 4, 382),
(377, 6, 385),
(378, 5, 387),
(379, 6, 388),
(380, 4, 396),
(381, 5, 397),
(382, 4, 401),
(383, 5, 401),
(384, 6, 401),
(385, 5, 403),
(386, 6, 410),
(387, 4, 413),
(388, 6, 418),
(389, 5, 420),
(390, 6, 421),
(391, 4, 422),
(392, 5, 422),
(393, 6, 422),
(394, 6, 423),
(395, 5, 426),
(396, 5, 427),
(397, 4, 428),
(398, 6, 428),
(399, 6, 433),
(400, 5, 434),
(401, 9, 434),
(402, 6, 438),
(403, 5, 445),
(404, 4, 446),
(405, 4, 447),
(406, 6, 449),
(407, 4, 454),
(408, 5, 455),
(409, 4, 456),
(410, 6, 456),
(411, 6, 458),
(413, 6, 461),
(414, 6, 460),
(415, 4, 462),
(416, 5, 462),
(417, 4, 463),
(418, 6, 467),
(421, 4, 475),
(422, 1, 476),
(425, 5, 477),
(426, 4, 479),
(427, 4, 482),
(428, 4, 483),
(429, 1, 484),
(430, 3, 484),
(431, 4, 484),
(432, 1, 485),
(433, 4, 485),
(434, 6, 485),
(435, 4, 486),
(436, 6, 486),
(437, 4, 487),
(438, 5, 488),
(439, 4, 474),
(440, 6, 491),
(441, 6, 492),
(442, 4, 494),
(443, 6, 494),
(444, 4, 495),
(445, 5, 495),
(446, 6, 495),
(447, 5, 496),
(449, 6, 497),
(450, 6, 498),
(451, 6, 500),
(452, 4, 501),
(453, 6, 501),
(454, 4, 502),
(455, 5, 502),
(456, 6, 502),
(457, 4, 503),
(458, 6, 503),
(459, 6, 504),
(460, 4, 505),
(461, 4, 506),
(462, 6, 507),
(463, 5, 508),
(464, 5, 510),
(465, 4, 511),
(466, 6, 511),
(467, 4, 512),
(468, 4, 513),
(469, 4, 514),
(470, 5, 515),
(471, 6, 516),
(472, 6, 518),
(473, 6, 519),
(475, 6, 521),
(476, 4, 524),
(477, 6, 524),
(478, 5, 525),
(479, 4, 526),
(480, 6, 526),
(481, 4, 527),
(482, 6, 527),
(483, 4, 528),
(484, 6, 528),
(485, 5, 529),
(486, 8, 529),
(487, 5, 530),
(488, 5, 531),
(489, 4, 532),
(490, 5, 534),
(491, 4, 538),
(492, 6, 539),
(493, 6, 540),
(494, 6, 541),
(495, 6, 542),
(496, 6, 543),
(498, 5, 545),
(499, 4, 546),
(500, 5, 546),
(501, 5, 549),
(502, 6, 550),
(503, 5, 551),
(504, 6, 552),
(505, 5, 553),
(506, 4, 554),
(507, 5, 555),
(508, 4, 556),
(509, 5, 544),
(510, 6, 559),
(511, 4, 560),
(512, 6, 562),
(514, 6, 564),
(515, 1, 567),
(517, 4, 569),
(518, 6, 570),
(519, 6, 571),
(520, 6, 572),
(521, 1, 573),
(522, 6, 573),
(523, 4, 574),
(524, 4, 575),
(525, 5, 575),
(526, 6, 575),
(527, 4, 576),
(528, 5, 576),
(529, 6, 576),
(530, 2, 577),
(531, 4, 577),
(532, 4, 578),
(533, 4, 579),
(534, 5, 579),
(535, 6, 585),
(536, 6, 587),
(537, 6, 588),
(538, 6, 590),
(539, 5, 593),
(540, 6, 563),
(541, 5, 594),
(542, 5, 595),
(543, 4, 596),
(544, 5, 596),
(545, 5, 597),
(546, 6, 598),
(547, 5, 599),
(548, 6, 600),
(549, 4, 601),
(550, 5, 601),
(551, 6, 602),
(552, 1, 606),
(553, 6, 606),
(554, 7, 606),
(555, 4, 608),
(556, 5, 608),
(557, 6, 608),
(558, 5, 610),
(559, 4, 612),
(560, 6, 612),
(561, 4, 613),
(562, 4, 614),
(563, 6, 614),
(564, 4, 615),
(565, 1, 616),
(566, 4, 616),
(567, 4, 617),
(568, 5, 617),
(569, 5, 618),
(570, 6, 618),
(571, 4, 619),
(572, 5, 619),
(573, 4, 621),
(574, 4, 622),
(575, 6, 622),
(576, 5, 624),
(577, 1, 625),
(578, 4, 625),
(579, 4, 626),
(580, 5, 626),
(581, 6, 626),
(582, 4, 627),
(583, 5, 628),
(584, 6, 628),
(586, 4, 629),
(587, 5, 631),
(588, 6, 631),
(589, 5, 632),
(590, 5, 633),
(591, 1, 634),
(592, 2, 634),
(593, 6, 635),
(594, 4, 636),
(595, 4, 639),
(596, 5, 640),
(597, 6, 640),
(598, 5, 641),
(599, 4, 642),
(600, 4, 644),
(601, 5, 644),
(602, 1, 645),
(603, 3, 645),
(604, 5, 645),
(605, 1, 646),
(606, 5, 647),
(607, 4, 650),
(608, 4, 651),
(609, 1, 655),
(610, 4, 656),
(611, 6, 657),
(612, 6, 658),
(613, 5, 663),
(614, 6, 663),
(615, 5, 664),
(616, 4, 665),
(617, 4, 666),
(618, 4, 667),
(619, 4, 668),
(620, 6, 669),
(621, 5, 670),
(622, 5, 671),
(623, 5, 672),
(624, 4, 674),
(625, 6, 676),
(626, 4, 680),
(627, 4, 684),
(628, 6, 686),
(629, 4, 689),
(630, 4, 690),
(631, 5, 691),
(632, 4, 692),
(633, 5, 694),
(634, 5, 696),
(635, 6, 697),
(636, 4, 698),
(637, 4, 699),
(638, 4, 702),
(639, 4, 713),
(640, 6, 713),
(641, 4, 714),
(642, 4, 715),
(643, 5, 716),
(644, 6, 716),
(645, 4, 717),
(646, 5, 718),
(647, 5, 728),
(648, 6, 732),
(649, 4, 733),
(650, 4, 735),
(651, 6, 738),
(652, 5, 739),
(653, 4, 742),
(654, 6, 742),
(655, 5, 743),
(656, 5, 744),
(657, 6, 744),
(658, 1, 746),
(659, 2, 746),
(660, 4, 749),
(661, 6, 749),
(662, 4, 751),
(663, 8, 752),
(664, 9, 752),
(665, 5, 753),
(666, 6, 758),
(667, 4, 759),
(668, 5, 759),
(669, 4, 760),
(670, 4, 762),
(671, 6, 762),
(673, 6, 763),
(674, 1, 764),
(675, 2, 764),
(676, 3, 764),
(677, 4, 764),
(678, 6, 766),
(679, 6, 771),
(680, 5, 772),
(681, 6, 772),
(682, 6, 773),
(683, 4, 774),
(684, 6, 775),
(685, 6, 784),
(686, 6, 786),
(687, 5, 788),
(688, 6, 788),
(689, 6, 790),
(690, 6, 792),
(691, 1, 795),
(692, 5, 798),
(693, 5, 802),
(694, 5, 804),
(695, 5, 805),
(696, 6, 805),
(697, 4, 808),
(698, 6, 808),
(699, 6, 809),
(700, 6, 810),
(701, 6, 811),
(702, 1, 813),
(703, 4, 815),
(704, 5, 815),
(705, 6, 815),
(706, 1, 825),
(707, 5, 829),
(708, 6, 829),
(709, 4, 831),
(710, 4, 832),
(711, 4, 833),
(712, 1, 834),
(713, 9, 840),
(714, 8, 841),
(715, 7, 842),
(716, 8, 843),
(717, 5, 848),
(718, 6, 848),
(720, 1, 849),
(721, 4, 852),
(722, 6, 854),
(723, 6, 855),
(724, 6, 858),
(725, 6, 859),
(726, 6, 862),
(727, 6, 863),
(728, 6, 864),
(729, 5, 866),
(730, 4, 867),
(731, 4, 870),
(732, 5, 870),
(733, 1, 873),
(734, 2, 873),
(735, 4, 875),
(736, 4, 877),
(737, 6, 877),
(738, 4, 878),
(739, 6, 878),
(740, 4, 879),
(741, 5, 879),
(742, 4, 880),
(743, 4, 881),
(744, 7, 884),
(745, 1, 890),
(746, 1, 891),
(747, 1, 894),
(748, 4, 897),
(749, 5, 897),
(750, 6, 897),
(751, 4, 898),
(752, 5, 898),
(753, 4, 900),
(754, 5, 900),
(755, 6, 900),
(756, 4, 932),
(757, 4, 934),
(758, 6, 935),
(759, 1, 936),
(760, 4, 936),
(761, 4, 937),
(762, 1, 938),
(763, 5, 938),
(764, 3, 939),
(765, 1, 967),
(766, 3, 967),
(767, 4, 974),
(768, 5, 974),
(769, 6, 974),
(770, 6, 979),
(771, 4, 983),
(772, 5, 983),
(773, 6, 983),
(774, 1, 984),
(775, 2, 984),
(776, 5, 985),
(777, 5, 987),
(778, 4, 989),
(779, 5, 989),
(780, 6, 989),
(782, 6, 994),
(783, 5, 1001),
(784, 1, 1004),
(785, 6, 1005),
(786, 1, 1020),
(787, 2, 1020),
(788, 4, 1020),
(791, 4, 1023),
(792, 5, 1023),
(794, 6, 1029),
(795, 4, 1030),
(796, 5, 1030),
(797, 6, 1030),
(798, 2, 1034),
(799, 5, 1034),
(800, 6, 1034),
(801, 4, 1035),
(802, 5, 1035),
(803, 6, 1035),
(804, 5, 1036),
(805, 6, 1036),
(806, 5, 1038),
(807, 6, 1038),
(808, 5, 1039),
(809, 5, 1022),
(810, 6, 1022),
(811, 6, 1046),
(812, 4, 1047),
(813, 5, 1047),
(814, 6, 1047),
(815, 1, 1048),
(816, 4, 1048),
(817, 7, 1048),
(818, 8, 1048),
(819, 4, 1049),
(820, 5, 1049),
(821, 6, 1049),
(822, 4, 1050),
(823, 6, 1050),
(824, 5, 1054),
(825, 6, 1054),
(826, 6, 1056),
(827, 4, 1057),
(828, 4, 1058),
(829, 4, 1061),
(830, 5, 1061),
(831, 6, 1061),
(832, 1, 1067),
(833, 3, 1067),
(834, 4, 1084),
(835, 5, 1084),
(836, 6, 1084),
(837, 6, 1090),
(838, 1, 1094),
(839, 2, 1094),
(840, 3, 1094),
(841, 1, 1097),
(842, 2, 1097),
(843, 3, 1097),
(844, 4, 1098),
(845, 5, 1098),
(846, 6, 1098),
(847, 4, 1102),
(848, 4, 1103),
(849, 4, 1104),
(850, 5, 1104),
(851, 6, 1104),
(852, 4, 1108),
(853, 4, 1110),
(854, 4, 1111),
(855, 5, 1111),
(858, 4, 1113),
(859, 6, 1113),
(860, 4, 1117),
(861, 5, 1117),
(862, 4, 1118),
(863, 4, 1131),
(864, 4, 1135),
(865, 5, 1139),
(866, 6, 1139),
(867, 4, 1144),
(868, 6, 1150),
(869, 1, 1151),
(870, 1, 1152),
(871, 2, 1152),
(872, 3, 1152),
(874, 5, 1156),
(875, 6, 1156),
(876, 8, 1156),
(877, 9, 1156),
(878, 4, 1157),
(879, 5, 1157),
(880, 6, 1157),
(881, 4, 1162),
(882, 5, 1162),
(883, 6, 1162),
(884, 4, 1165),
(885, 5, 1165),
(886, 6, 1165),
(887, 4, 1167),
(888, 4, 1184),
(889, 5, 1184),
(890, 6, 1184),
(891, 4, 1185),
(892, 6, 1154),
(893, 4, 1199),
(894, 5, 1199),
(895, 4, 1213),
(896, 1, 1217),
(897, 2, 1217),
(898, 3, 1217),
(899, 2, 1220),
(900, 4, 1224),
(901, 4, 1232),
(902, 4, 1233),
(903, 4, 1236),
(904, 5, 1236),
(905, 6, 1236),
(906, 6, 1247),
(907, 5, 1248),
(908, 1, 1255),
(909, 5, 1256),
(910, 4, 1259),
(911, 5, 1259),
(912, 6, 1259),
(913, 1, 1260),
(914, 2, 1260),
(915, 3, 1260),
(916, 5, 1261),
(917, 5, 1264),
(918, 5, 1266),
(919, 5, 1267),
(920, 9, 1267),
(921, 10, 1267),
(922, 7, 1269),
(923, 8, 1269),
(924, 9, 1269),
(925, 4, 1270),
(926, 4, 1276),
(927, 4, 1279),
(928, 4, 1284),
(929, 5, 1284),
(930, 6, 1284),
(931, 1, 1286),
(932, 4, 1289),
(933, 5, 1289),
(934, 6, 1290),
(935, 1, 1291),
(936, 4, 1291),
(937, 6, 1292),
(938, 5, 1293),
(939, 6, 1294),
(940, 1, 1295),
(941, 1, 1300),
(942, 4, 1305),
(943, 6, 1305),
(944, 4, 1310),
(945, 5, 1310),
(946, 6, 1310),
(947, 4, 1311),
(948, 5, 1311),
(949, 5, 1312),
(950, 3, 1313),
(951, 4, 1313),
(952, 5, 1313),
(953, 4, 1314),
(954, 5, 1314),
(955, 6, 1314),
(956, 1, 1315),
(957, 2, 1315),
(958, 4, 1315),
(959, 5, 1315),
(960, 6, 1316),
(961, 5, 1318),
(962, 1, 1319),
(963, 1, 1325),
(964, 3, 1325),
(965, 5, 1329),
(966, 1, 1334),
(967, 2, 1334),
(968, 3, 1334),
(969, 4, 1337),
(970, 4, 1342),
(971, 5, 1342),
(972, 6, 1342),
(973, 4, 1344),
(974, 6, 1344),
(975, 4, 1345),
(976, 5, 1345),
(977, 6, 1345),
(978, 1, 1346),
(979, 2, 1346),
(980, 3, 1346),
(981, 4, 1349),
(982, 5, 1349),
(983, 4, 1351),
(984, 5, 1352),
(985, 6, 1356),
(986, 6, 1358),
(987, 4, 1359),
(988, 1, 1365),
(989, 3, 1365),
(990, 5, 1366),
(991, 6, 1366),
(992, 4, 1375),
(993, 7, 1379),
(994, 9, 1379),
(995, 10, 1379),
(996, 7, 1387),
(997, 5, 1388),
(1001, 4, 1390),
(1002, 5, 1390),
(1003, 6, 1390),
(1004, 4, 1395),
(1005, 5, 1395),
(1006, 6, 1395),
(1007, 5, 1396),
(1008, 6, 1396),
(1009, 4, 1400),
(1010, 6, 1400),
(1011, 9, 1400),
(1012, 5, 1405),
(1013, 5, 1406),
(1014, 6, 1406),
(1015, 4, 1407),
(1016, 5, 1407),
(1017, 6, 1407),
(1018, 4, 1408),
(1019, 4, 1409),
(1020, 5, 1409),
(1021, 6, 1409),
(1022, 4, 1410),
(1023, 4, 1411),
(1024, 6, 1411),
(1025, 4, 1413),
(1026, 6, 1413),
(1027, 1, 1416),
(1028, 3, 1416),
(1029, 4, 1418),
(1030, 1, 1419),
(1031, 3, 1419),
(1032, 1, 1420),
(1033, 4, 1420),
(1034, 5, 1420),
(1035, 6, 1420),
(1036, 7, 1425),
(1037, 9, 1425),
(1038, 4, 1426),
(1039, 6, 1426),
(1040, 7, 1431),
(1041, 9, 1431),
(1043, 6, 1437),
(1045, 6, 1436),
(1046, 6, 1438),
(1047, 5, 1439),
(1048, 7, 1446),
(1049, 7, 1447),
(1050, 7, 1450),
(1051, 7, 1451),
(1052, 6, 1457),
(1053, 6, 1458),
(1054, 4, 1461),
(1055, 4, 1468),
(1056, 4, 1469),
(1060, 4, 1472),
(1061, 5, 1472),
(1062, 6, 1472),
(1066, 4, 1475),
(1067, 5, 1475),
(1068, 6, 1475),
(1069, 4, 1474),
(1070, 5, 1474),
(1071, 6, 1474),
(1072, 4, 1480),
(1077, 4, 1494),
(1078, 4, 1500),
(1079, 5, 1500),
(1080, 6, 1500),
(1081, 1, 1490),
(1082, 4, 1490),
(1083, 4, 1501),
(1084, 4, 1502),
(1085, 4, 1504),
(1086, 4, 1507),
(1087, 6, 1507),
(1088, 4, 1508),
(1089, 6, 1509),
(1090, 4, 1511),
(1091, 6, 1514),
(1092, 6, 1515),
(1093, 4, 1516),
(1094, 6, 1516),
(1095, 4, 1517),
(1096, 6, 1517),
(1097, 5, 1521),
(1098, 4, 1533),
(1099, 5, 1533),
(1100, 6, 1533),
(1101, 4, 1534),
(1102, 4, 1536),
(1103, 1, 1539),
(1104, 5, 1542),
(1105, 4, 1543),
(1106, 4, 1546),
(1107, 6, 1546),
(1108, 4, 1552),
(1109, 6, 1554),
(1110, 4, 1556),
(1111, 4, 1557),
(1112, 4, 1569),
(1113, 4, 1570),
(1115, 4, 1576),
(1116, 4, 1578),
(1117, 5, 1578),
(1118, 4, 1579),
(1119, 5, 1579),
(1120, 4, 1581),
(1121, 4, 1582),
(1122, 1, 1583),
(1123, 2, 1583);

-- --------------------------------------------------------

--
-- Estructura de tabla para la tabla `reporte_llamadas`
--

CREATE TABLE IF NOT EXISTS `reporte_llamadas` (
  `id_reporte` int(11) NOT NULL AUTO_INCREMENT,
  `id_cliente` int(11) NOT NULL,
  `id_tutor` int(11) NOT NULL,
  `id_tematica` int(11) NOT NULL,
  `recomendaciones` varchar(400) COLLATE utf8mb4_spanish_ci NOT NULL,
  `fecha_registro_s` datetime NOT NULL,
  `fecha_llamada` datetime NOT NULL,
  `duracion` int(11) NOT NULL,
  PRIMARY KEY (`id_reporte`),
  KEY `id_cliente1` (`id_cliente`),
  KEY `id_tutor2` (`id_tutor`),
  KEY `fk_tematicas_idx` (`id_tematica`)
) ENGINE=InnoDB  DEFAULT CHARSET=utf8mb4 COLLATE=utf8mb4_spanish_ci AUTO_INCREMENT=1584 ;

--
-- Volcado de datos para la tabla `reporte_llamadas`
--

INSERT INTO `reporte_llamadas` (`id_reporte`, `id_cliente`, `id_tutor`, `id_tematica`, `recomendaciones`, `fecha_registro_s`, `fecha_llamada`, `duracion`) VALUES
(2, 5, 1, 7, 'comparatives, superlatives. ', '2018-01-15 00:00:00', '2018-01-09 00:00:00', 12),
(3, 10, 1, 7, 'verbs in past.', '2018-01-15 00:00:00', '2018-01-09 00:00:00', 13),
(6, 1, 1, 1, 'More vocabulary, comparatives ', '2018-01-16 00:00:00', '2018-01-12 00:00:00', 17),
(7, 1, 1, 4, 'Vocabulary ', '2018-01-16 00:00:00', '2018-01-15 00:00:00', 20),
(8, 7, 1, 7, 'Vocabulary for house ', '2018-01-16 00:00:00', '2018-01-15 00:00:00', 14),
(9, 11, 1, 6, 'Practice Verbs', '2018-01-16 00:00:00', '2018-01-09 00:00:00', 12),
(10, 11, 1, 4, 'Practice Verbs.', '2018-01-16 00:00:00', '2018-01-10 00:00:00', 12),
(11, 2, 1, 13, 'present perfect, past and passive voice.', '2018-01-16 00:00:00', '2018-01-09 00:00:00', 19),
(12, 2, 1, 4, 'Speak slow and clarify his ideas', '2018-01-16 00:00:00', '2018-01-12 00:00:00', 15),
(13, 2, 1, 4, 'Vocabulary and pronunciation.', '2018-01-16 00:00:00', '2018-01-15 00:00:00', 23),
(14, 3, 1, 6, 'Replace the vocabulary with common words', '2018-01-16 00:00:00', '2018-01-02 00:00:00', 14),
(15, 3, 1, 4, 'Just speed ', '2018-01-16 00:00:00', '2018-01-12 00:00:00', 15),
(16, 3, 1, 16, 'no one', '2018-01-16 00:00:00', '2018-01-15 00:00:00', 0),
(17, 5, 1, 1, 'Verbs in past ', '2018-01-16 00:00:00', '2018-01-10 00:00:00', 13),
(18, 5, 1, 8, 'possessive', '2018-01-16 00:00:00', '2018-01-11 00:00:00', 13),
(19, 5, 1, 6, 'no one', '2018-01-16 00:00:00', '2018-01-12 00:00:00', 10),
(20, 5, 1, 16, 'no one', '2018-01-16 00:00:00', '2018-01-15 00:00:00', 0),
(21, 6, 1, 2, 'No one', '2018-01-16 00:00:00', '2018-01-09 00:00:00', 10),
(22, 6, 1, 7, 'how uses the word "joy"', '2018-01-16 00:00:00', '2018-01-10 00:00:00', 13),
(23, 6, 1, 12, 'Nothing. ', '2018-01-16 00:00:00', '2018-01-11 00:00:00', 12),
(24, 6, 1, 16, 'no one', '2018-01-16 00:00:00', '2018-01-12 00:00:00', 0),
(25, 6, 1, 16, 'no one', '2018-01-16 00:00:00', '2018-01-15 00:00:00', 0),
(26, 9, 1, 7, 'Practice verb in English ', '2018-01-16 00:00:00', '2018-01-09 00:00:00', 11),
(27, 9, 1, 4, 'Vocabulary ', '2018-01-16 00:00:00', '2018-01-10 00:00:00', 10),
(28, 9, 1, 4, 'Study verbs form ', '2018-01-16 00:00:00', '2018-01-11 00:00:00', 11),
(29, 9, 1, 16, 'no one', '2018-01-16 00:00:00', '2018-01-12 00:00:00', 0),
(30, 9, 1, 6, 'vocabulary', '2018-01-16 00:00:00', '2018-01-15 00:00:00', 10),
(31, 9, 1, 10, 'Vocabulary ', '2018-01-16 00:00:00', '2018-01-16 00:00:00', 12),
(32, 10, 1, 4, 'very good expression ', '2018-01-16 00:00:00', '2018-01-10 00:00:00', 13),
(33, 10, 1, 14, 'Express for the future.', '2018-01-16 00:00:00', '2018-01-11 00:00:00', 15),
(34, 10, 1, 6, 'no one', '2018-01-16 00:00:00', '2018-01-12 00:00:00', 10),
(35, 10, 1, 13, 'Express for the future.', '2018-01-16 00:00:00', '2018-01-15 00:00:00', 13),
(36, 11, 1, 4, 'Vocabulary', '2018-01-16 00:00:00', '2018-01-11 00:00:00', 13),
(37, 11, 1, 15, 'Pronunciation, Florida vrs Medellín! Costo of living ', '2018-01-16 00:00:00', '2018-01-12 00:00:00', 12),
(38, 11, 1, 9, 'Text if she fell sick ', '2018-01-16 00:00:00', '2018-01-15 00:00:00', 7),
(39, 12, 1, 7, 'Basic vocabulary ', '2018-01-16 00:00:00', '2018-01-09 00:00:00', 11),
(40, 12, 1, 10, 'Past vocabulary. ', '2018-01-16 00:00:00', '2018-01-10 00:00:00', 12),
(41, 12, 1, 7, 'Verbs', '2018-01-16 00:00:00', '2018-01-11 00:00:00', 10),
(42, 12, 1, 7, 'Build a sentences in order. ', '2018-01-16 00:00:00', '2018-01-12 00:00:00', 12),
(43, 12, 1, 6, 'no one', '2018-01-16 00:00:00', '2018-01-15 00:00:00', 10),
(44, 12, 1, 16, 'no one', '2018-01-16 00:00:00', '2018-01-16 00:00:00', 0),
(45, 13, 1, 2, 'no one', '2018-01-16 00:00:00', '2018-01-09 00:00:00', 10),
(46, 13, 1, 4, 'don´t translate.', '2018-01-16 00:00:00', '2018-01-10 00:00:00', 12),
(47, 13, 1, 14, 'Study present sentences. ', '2018-01-16 00:00:00', '2018-01-11 00:00:00', 13),
(48, 13, 1, 6, 'Study the present verbs ', '2018-01-16 00:00:00', '2018-01-12 00:00:00', 13),
(49, 13, 1, 4, 'no one', '2018-01-16 00:00:00', '2018-01-15 00:00:00', 10),
(50, 5, 1, 16, 'No one ', '2018-01-16 00:00:00', '2018-01-16 00:00:00', 0),
(51, 10, 1, 16, 'No one ', '2018-01-16 00:00:00', '2018-01-16 00:00:00', 0),
(52, 14, 1, 2, 'No traducir ', '2018-01-16 00:00:00', '2018-01-16 00:00:00', 10),
(54, 7, 1, 4, 'Adjective ', '2018-01-17 00:00:00', '2018-01-16 00:00:00', 11),
(55, 13, 1, 4, 'Plans in the future, vocabulary and some pronunciation ', '2018-01-17 00:00:00', '2018-01-16 00:00:00', 12),
(56, 11, 1, 16, 'No one', '2018-01-17 00:00:00', '2018-01-16 00:00:00', 0),
(57, 8, 1, 2, 'Congratulations ! I got it ', '2018-01-17 00:00:00', '2018-01-15 00:00:00', 12),
(58, 4, 1, 4, 'No one ', '2018-01-17 00:00:00', '2018-01-16 00:00:00', 43),
(59, 5, 1, 2, 'Vocabulary', '2018-01-17 00:00:00', '2018-01-17 00:00:00', 10),
(60, 14, 1, 6, 'Verbs in past ', '2018-01-17 00:00:00', '2018-01-17 00:00:00', 10),
(61, 10, 1, 8, 'No one ', '2018-01-17 00:00:00', '2018-01-17 00:00:00', 14),
(62, 2, 1, 13, 'pronunciation, open the lab and going to the implement transition lab ', '2018-01-18 00:00:00', '2018-01-17 00:00:00', 21),
(63, 7, 1, 4, 'does - doesn´t ; should (recommendation)', '2018-01-18 00:00:00', '2018-01-17 00:00:00', 15),
(64, 13, 1, 16, 'no one', '2018-01-18 00:00:00', '2018-01-17 00:00:00', 0),
(65, 11, 1, 9, 'no one', '2018-01-18 00:00:00', '2018-01-17 00:00:00', 12),
(66, 8, 1, 4, 'no one', '2018-01-18 00:00:00', '2018-01-16 00:00:00', 13),
(67, 6, 1, 14, 'no one', '2018-01-18 00:00:00', '2018-01-17 00:00:00', 10),
(68, 1, 1, 4, 'no one', '2018-01-18 00:00:00', '2018-01-17 00:00:00', 20),
(69, 3, 1, 16, 'no one', '2018-01-18 00:00:00', '2018-01-17 00:00:00', 0),
(70, 8, 1, 7, 'no one', '2018-01-18 00:00:00', '2018-01-17 00:00:00', 10),
(71, 9, 1, 1, 'no one', '2018-01-18 00:00:00', '2018-01-17 00:00:00', 10),
(72, 12, 1, 7, 'no one', '2018-01-18 00:00:00', '2018-01-17 00:00:00', 10),
(73, 14, 1, 11, 'Vocabulary and past sentences ', '2018-01-18 00:00:00', '2018-01-18 00:00:00', 12),
(74, 5, 1, 2, 'Past, explaination, vocabulary ', '2018-01-18 00:00:00', '2018-01-18 00:00:00', 12),
(75, 6, 1, 10, 'Form of the verbs ', '2018-01-18 00:00:00', '2018-01-18 00:00:00', 12),
(76, 7, 1, 8, 'Future are continuo ', '2018-01-19 00:00:00', '2018-01-18 00:00:00', 13),
(77, 13, 1, 6, 'Vocabulary ', '2018-01-19 00:00:00', '2018-01-18 00:00:00', 12),
(78, 11, 1, 4, 'Interview, new job. ', '2018-01-19 00:00:00', '2018-01-18 00:00:00', 12),
(79, 12, 1, 16, 'Verbs form ', '2018-01-19 00:00:00', '2018-01-18 00:00:00', 12),
(80, 12, 1, 4, 'Verbs form ', '2018-01-19 00:00:00', '2018-01-19 00:00:00', 12),
(81, 9, 1, 4, 'No one ', '2018-01-19 00:00:00', '2018-01-18 00:00:00', 5),
(82, 9, 1, 4, 'Verbs and adjectives ', '2018-01-19 00:00:00', '2018-01-19 00:00:00', 12),
(83, 14, 1, 4, 'Verb ', '2018-01-19 00:00:00', '2018-01-19 00:00:00', 12),
(84, 2, 1, 2, 'No one', '2018-01-19 00:00:00', '2018-01-19 00:00:00', 13),
(85, 5, 1, 4, 'Superlative ', '2018-01-19 00:00:00', '2018-01-19 00:00:00', 12),
(86, 10, 1, 4, 'No one ', '2018-01-19 00:00:00', '2018-01-19 00:00:00', 12),
(87, 6, 1, 6, 'Vocabulary ', '2018-01-19 00:00:00', '2018-01-19 00:00:00', 15),
(88, 7, 1, 16, 'no one', '2018-01-20 00:00:00', '2018-01-19 00:00:00', 0),
(89, 13, 1, 2, 'Vocabulary and describes others', '2018-01-20 00:00:00', '2018-01-19 00:00:00', 12),
(90, 11, 1, 10, 'more vocabulary about sports ', '2018-01-20 00:00:00', '2018-01-19 00:00:00', 12),
(91, 8, 1, 16, 'no batery', '2018-01-20 00:00:00', '2018-01-18 00:00:00', 0),
(92, 8, 1, 3, 'vocabulary', '2018-01-20 00:00:00', '2018-01-19 00:00:00', 13),
(93, 9, 1, 14, 'Adverbs', '2018-01-22 00:00:00', '2018-01-22 00:00:00', 10),
(94, 14, 1, 11, 'Vocabulary ', '2018-01-22 00:00:00', '2018-01-22 00:00:00', 10),
(95, 2, 1, 16, 'No one ', '2018-01-22 00:00:00', '2018-01-22 00:00:00', 0),
(96, 5, 1, 4, 'Texting', '2018-01-22 00:00:00', '2018-01-22 00:00:00', 10),
(97, 10, 1, 16, 'No one ', '2018-01-22 00:00:00', '2018-01-22 00:00:00', 10),
(98, 6, 1, 13, 'Conjunctions ', '2018-01-22 00:00:00', '2018-01-22 00:00:00', 14),
(99, 12, 1, 16, 'No one ', '2018-01-23 00:00:00', '2018-01-22 00:00:00', 0),
(100, 7, 1, 16, 'No one ', '2018-01-23 00:00:00', '2018-01-22 00:00:00', 0),
(101, 13, 1, 2, 'Pronouns, vocabulary ', '2018-01-23 00:00:00', '2018-01-22 00:00:00', 10),
(102, 11, 1, 4, 'Pronunciation ', '2018-01-23 00:00:00', '2018-01-22 00:00:00', 12),
(103, 8, 1, 1, 'Sickness vocabulary ', '2018-01-23 00:00:00', '2018-01-22 00:00:00', 10),
(104, 6, 1, 3, 'Pronouns ', '2018-01-24 00:00:00', '2018-01-23 00:00:00', 13),
(105, 9, 1, 4, 'Speech', '2018-01-24 00:00:00', '2018-01-23 00:00:00', 11),
(106, 10, 1, 10, 'No one ', '2018-01-24 00:00:00', '2018-01-23 00:00:00', 12),
(107, 12, 1, 7, 'Sentences structure ', '2018-01-24 00:00:00', '2018-01-23 00:00:00', 12),
(108, 14, 1, 4, 'Pronouns, verbs, connections ', '2018-01-24 00:00:00', '2018-01-23 00:00:00', 10),
(109, 7, 1, 9, 'The words for today are: Column, relive, pain, the same time, operation, medication.', '2018-01-24 00:00:00', '2018-01-23 00:00:00', 10),
(110, 11, 1, 16, 'No one ', '2018-01-24 00:00:00', '2018-01-23 00:00:00', 0),
(111, 8, 1, 6, 'Congratulations ', '2018-01-24 00:00:00', '2018-01-23 00:00:00', 13),
(112, 9, 1, 10, 'Pronouns, sports ', '2018-01-24 00:00:00', '2018-01-24 00:00:00', 11),
(113, 12, 1, 16, 'No one ', '2018-01-24 00:00:00', '2018-01-24 00:00:00', 0),
(114, 5, 1, 14, 'Pronountiation', '2018-01-24 00:00:00', '2018-01-23 00:00:00', 10),
(115, 6, 1, 16, 'No one ', '2018-01-24 00:00:00', '2018-01-24 00:00:00', 0),
(116, 7, 1, 16, 'No one ', '2018-01-25 00:00:00', '2018-01-24 00:00:00', 0),
(117, 5, 1, 4, 'No one ', '2018-01-25 00:00:00', '2018-01-24 00:00:00', 10),
(118, 5, 1, 7, 'No one ', '2018-01-25 00:00:00', '2018-01-25 00:00:00', 11),
(119, 7, 1, 6, 'I am hungry ', '2018-01-25 00:00:00', '2018-01-25 21:00:00', 9),
(120, 13, 1, 6, 'No one ', '2018-01-25 00:00:00', '2018-01-24 00:00:00', 13),
(121, 1, 1, 4, 'no one', '2018-01-27 00:09:10', '2018-01-26 14:00:00', 20),
(122, 2, 1, 4, 'no one', '2018-01-27 00:22:45', '2018-01-26 17:00:00', 20),
(123, 5, 1, 16, 'no one', '2018-01-27 00:29:46', '2018-01-26 18:00:00', 0),
(124, 6, 1, 4, ' no one', '2018-01-27 00:48:42', '2018-01-25 18:30:00', 10),
(125, 6, 1, 3, 'no one', '2018-01-27 00:55:27', '2018-01-26 18:30:00', 10),
(126, 8, 1, 7, 'no one', '2018-01-27 01:27:23', '2018-01-24 21:50:00', 10),
(127, 8, 1, 6, 'no one', '2018-01-27 01:28:38', '2018-01-25 21:50:00', 10),
(128, 9, 1, 11, 'no one', '2018-01-27 01:31:19', '2018-01-25 07:30:00', 10),
(129, 10, 1, 13, 'no one', '2018-01-27 01:32:36', '2018-01-24 18:15:00', 10),
(130, 10, 1, 8, 'no one', '2018-01-27 01:38:58', '2018-01-26 18:15:00', 10),
(131, 11, 1, 6, 'no one', '2018-01-27 01:40:29', '2018-01-24 21:35:00', 10),
(132, 11, 1, 7, 'no one', '2018-01-27 01:50:51', '2018-01-25 21:35:00', 10),
(133, 12, 1, 16, 'no one', '2018-01-27 01:51:54', '2018-01-25 01:51:00', 0),
(134, 13, 1, 16, 'no one', '2018-01-27 01:53:41', '2018-01-25 21:20:00', 10),
(135, 14, 1, 3, 'no one', '2018-01-27 01:59:37', '2018-01-24 17:30:00', 10),
(136, 14, 1, 3, 'no one', '2018-01-27 02:01:26', '2018-01-25 17:30:00', 10),
(137, 14, 1, 3, 'no one', '2018-01-27 02:02:00', '2018-01-26 17:30:00', 10),
(138, 7, 1, 6, 'vocabulary', '2018-01-27 02:13:35', '2018-01-26 21:00:00', 20),
(139, 13, 1, 6, 'no one', '2018-01-27 02:31:47', '2018-01-26 21:20:00', 10),
(140, 11, 1, 16, 'no one', '2018-01-27 02:42:19', '2018-01-26 02:42:00', 10),
(141, 8, 1, 7, 'diplomatic*', '2018-01-27 03:02:21', '2018-01-26 21:50:00', 10),
(142, 14, 1, 14, 'Vocabulario de rutina diaria', '2018-01-29 22:48:18', '2018-01-29 17:30:00', 17),
(143, 5, 1, 1, 'Escuchar musica en Inglés y leer más.', '2018-01-29 23:12:31', '2018-01-29 18:00:00', 10),
(144, 9, 1, 16, 'no one', '2018-01-29 23:16:43', '2018-01-29 19:30:00', 0),
(145, 6, 1, 11, 'Excelente ', '2018-01-29 23:55:19', '2018-01-29 18:30:00', 10),
(146, 7, 1, 9, 'no one', '2018-01-30 02:23:11', '2018-01-29 21:00:00', 15),
(147, 13, 1, 14, 'Pronunciation, continuos time', '2018-01-30 02:37:45', '2018-01-29 21:20:00', 13),
(148, 11, 1, 4, 'pronunciation, vocabulary', '2018-01-30 02:52:12', '2018-01-29 21:30:00', 12),
(149, 8, 1, 7, 'numbers', '2018-01-30 03:08:49', '2018-01-29 21:50:00', 15),
(150, 9, 1, 7, 'Study words ', '2018-01-30 12:50:20', '2018-01-30 07:00:00', 10),
(151, 9, 1, 4, 'Study do, does, did.', '2018-01-31 12:58:54', '2018-02-07 12:58:00', 10),
(152, 2, 1, 12, 'Businesses vocabulary ', '2018-01-31 13:00:24', '2018-01-30 14:00:00', 20),
(153, 5, 1, 4, 'Practice pronountiation ', '2018-01-31 13:02:13', '2018-01-30 18:00:00', 10),
(154, 7, 1, 2, 'No one ', '2018-01-31 13:03:33', '2018-01-30 17:00:00', 10),
(155, 10, 1, 16, 'No one ', '2018-01-31 13:05:22', '2018-01-29 13:05:00', 0),
(156, 10, 1, 12, 'No one ', '2018-01-31 13:07:07', '2018-01-30 18:15:00', 9),
(157, 14, 1, 3, 'Vocabulary ', '2018-01-31 13:09:54', '2018-01-30 17:00:00', 13),
(158, 13, 1, 4, 'No one ', '2018-01-31 13:12:09', '2018-01-30 21:20:00', 10),
(159, 11, 1, 13, 'Increase the vocabulary ', '2018-01-31 13:14:48', '2018-01-30 21:35:00', 10),
(161, 10, 1, 16, 'no one', '2018-02-01 01:32:53', '2018-01-31 06:15:00', 0),
(162, 5, 1, 16, 'no one', '2018-02-01 01:33:39', '2018-01-31 01:33:00', 0),
(163, 6, 1, 8, 'no one', '2018-02-01 01:34:57', '2018-01-31 18:30:00', 10),
(164, 1, 1, 4, 'no one', '2018-02-01 01:36:46', '2018-01-31 19:30:00', 60),
(165, 14, 1, 16, 'no one', '2018-02-01 01:47:52', '2018-01-31 01:47:00', 0),
(166, 2, 1, 12, 'Intonation', '2018-02-01 02:04:31', '2018-01-31 20:45:00', 15),
(167, 7, 1, 16, 'no one', '2018-02-01 02:25:16', '2018-01-31 21:00:00', 10),
(168, 13, 1, 14, 'no one', '2018-02-01 02:37:47', '2018-01-31 21:20:00', 14),
(169, 11, 1, 11, 'vocabulary', '2018-02-01 02:50:50', '2018-01-31 21:35:00', 11),
(170, 8, 1, 6, 'no one', '2018-02-01 03:09:24', '2018-01-31 21:50:00', 13),
(171, 4, 1, 7, 'no one', '2018-02-01 03:59:28', '2018-01-31 22:00:00', 40),
(172, 9, 1, 4, 'no one', '2018-02-01 23:17:56', '2018-01-31 19:30:00', 10),
(173, 9, 1, 2, 'no one', '2018-02-01 23:18:55', '2018-02-01 07:30:00', 5),
(174, 10, 1, 8, 'no one', '2018-02-02 00:27:00', '2018-02-01 18:15:00', 12),
(175, 5, 1, 2, 'vocabulary, the verb to be, pronunciation  ', '2018-02-02 00:28:46', '2018-02-01 16:00:00', 20),
(176, 6, 1, 15, 'no one', '2018-02-02 00:31:13', '2018-02-01 18:30:00', 13),
(178, 13, 1, 14, 'study tense ', '2018-02-02 03:45:54', '2018-02-01 02:31:00', 13),
(179, 11, 1, 6, 'no one', '2018-02-02 03:47:08', '2018-02-01 03:46:00', 10),
(181, 8, 1, 6, 'no one', '2018-02-02 03:48:10', '2018-02-01 03:47:00', 13),
(182, 1, 1, 16, 'no one', '2018-02-02 03:48:35', '2018-02-01 03:48:00', 20),
(183, 7, 1, 4, 'no one', '2018-02-02 03:49:18', '2018-02-01 03:49:00', 12),
(185, 9, 1, 4, 'present perfect', '2018-02-02 12:50:07', '2018-02-02 12:49:00', 10),
(186, 2, 1, 13, 'No one ', '2018-02-02 15:09:28', '2018-02-02 20:00:00', 29),
(187, 14, 1, 16, 'no one', '2018-02-02 22:32:49', '2018-02-01 22:32:00', 0),
(188, 14, 1, 8, 'felling ', '2018-02-02 22:44:29', '2018-02-02 17:30:00', 10),
(189, 5, 1, 2, 'no one', '2018-02-02 23:16:09', '2018-02-02 18:00:00', 11),
(190, 10, 1, 11, 'no one', '2018-02-02 23:30:51', '2018-02-02 18:00:00', 10),
(191, 6, 1, 16, 'no one', '2018-02-02 23:37:22', '2018-02-02 23:37:00', 0),
(192, 7, 1, 4, 'more listening', '2018-02-03 02:18:21', '2018-02-02 21:00:00', 13),
(193, 13, 1, 14, 'tiempos el verbos ', '2018-02-03 02:35:00', '2018-02-02 21:30:00', 14),
(194, 11, 1, 2, 'to speak in future Will', '2018-02-03 02:48:21', '2018-02-02 21:35:00', 11),
(195, 1, 1, 16, 'no one', '2018-02-03 02:54:08', '2018-02-03 02:53:00', 20),
(196, 8, 1, 16, 'no one', '2018-02-03 02:59:09', '2018-02-02 02:58:00', 0),
(197, 14, 1, 11, 'vocabulary, past verbs.', '2018-02-05 22:42:21', '2018-02-05 17:30:00', 10),
(198, 5, 1, 11, 'no one', '2018-02-05 23:18:29', '2018-02-05 18:00:00', 12),
(199, 10, 1, 11, 'repeat the tongue-twister.\r\n', '2018-02-05 23:30:31', '2018-02-05 18:30:00', 10),
(200, 6, 1, 8, 'no one', '2018-02-05 23:45:33', '2018-02-05 18:30:00', 10),
(201, 7, 1, 2, 'past verbs!\r\n', '2018-02-06 02:14:15', '2018-02-05 21:00:00', 12),
(202, 13, 1, 6, 'no one', '2018-02-06 02:44:46', '2018-02-05 21:20:00', 12),
(203, 8, 1, 11, 'synonymous ', '2018-02-06 02:59:08', '2018-02-05 21:50:00', 14),
(204, 11, 1, 16, '0', '2018-02-06 03:06:22', '2018-02-05 03:06:00', 0),
(205, 9, 1, 4, 'no one', '2018-02-06 03:07:04', '2018-02-06 07:30:00', 12),
(206, 9, 1, 16, 'O', '2018-02-06 22:25:18', '2018-02-05 22:24:00', 0),
(207, 14, 1, 12, 'Vocabulary in projects and business. ', '2018-02-06 22:45:31', '2018-02-06 22:32:00', 14),
(208, 5, 1, 6, 'Reading Aloud ', '2018-02-06 23:28:53', '2018-02-06 18:00:00', 11),
(209, 6, 1, 3, 'Third conditional would*', '2018-02-06 23:42:32', '2018-02-06 18:30:00', 10),
(210, 2, 1, 12, 'Verbs in a routine area ', '2018-02-07 00:12:05', '2018-02-06 19:00:00', 20),
(211, 7, 1, 4, 'pronunciation w,h,sch.', '2018-02-07 02:14:27', '2018-02-06 21:00:00', 11),
(212, 13, 1, 14, 'no one- listening ', '2018-02-07 02:50:40', '2018-02-06 21:35:00', 10),
(214, 11, 1, 7, 'NO ONE', '2018-02-07 03:06:41', '2018-02-06 20:50:00', 10),
(215, 8, 1, 3, 'Study make with the nouns', '2018-02-07 03:10:32', '2018-02-06 20:50:00', 16),
(216, 4, 1, 16, 'no one', '2018-02-07 03:11:57', '2018-02-06 22:00:00', 30),
(217, 12, 1, 7, 'Vocabulary, fluency- entonation ', '2018-02-07 11:23:26', '2018-02-06 06:10:00', 10),
(218, 14, 1, 16, 'NO ONE', '2018-02-07 22:33:29', '2018-02-07 22:32:00', 0),
(219, 16, 1, 1, 'speak with confident', '2018-02-07 23:02:25', '2018-02-07 17:45:00', 12),
(220, 10, 1, 16, 'o', '2018-02-07 23:22:21', '2018-02-06 23:19:00', 0),
(221, 6, 1, 16, '0', '2018-02-07 23:44:25', '2018-02-07 23:44:00', 0),
(222, 2, 1, 4, 'no one', '2018-02-08 01:34:59', '2018-02-07 08:30:00', 20),
(223, 3, 1, 13, 'no one', '2018-02-08 01:46:09', '2018-02-07 12:30:00', 20),
(224, 7, 1, 11, 'Adjectives', '2018-02-08 01:53:18', '2018-02-07 01:52:00', 11),
(225, 10, 1, 16, '0', '2018-02-08 02:18:59', '2018-02-07 02:09:00', 0),
(226, 13, 1, 14, 'vocabulary', '2018-02-08 02:38:48', '2018-02-07 21:20:00', 10),
(227, 11, 1, 2, 'personal vocabulary', '2018-02-08 02:56:22', '2018-02-07 02:45:00', 11),
(228, 8, 1, 11, 'prepositions, past verb.', '2018-02-08 03:04:25', '2018-02-07 21:50:00', 10),
(229, 5, 1, 15, 'Vocabular, improve her listening and speak better. ', '2018-02-08 11:25:49', '2018-02-08 05:50:00', 20),
(230, 12, 1, 16, 'O', '2018-02-08 11:36:30', '2018-02-08 11:36:00', 0),
(231, 6, 1, 10, 'no one', '2018-02-09 00:44:05', '2018-02-08 07:30:00', 20),
(232, 12, 1, 6, '0', '2018-02-09 00:46:04', '2018-02-07 00:45:00', 10),
(233, 5, 1, 16, 'cancel de call with time', '2018-02-09 00:48:13', '2018-02-07 00:47:00', 20),
(234, 2, 1, 13, '0', '2018-02-09 00:48:55', '2018-02-08 00:48:00', 20),
(235, 3, 1, 4, '0', '2018-02-09 00:49:43', '2018-02-08 00:49:00', 50),
(236, 9, 1, 10, '0', '2018-02-09 01:00:07', '2018-02-08 00:59:00', 10),
(237, 15, 1, 6, '0', '2018-02-09 01:12:37', '2018-02-07 01:12:00', 12),
(238, 15, 1, 6, '0', '2018-02-09 01:13:04', '2018-02-08 01:12:00', 10),
(239, 7, 1, 13, '0', '2018-02-09 01:45:41', '2018-02-08 20:30:00', 10),
(240, 10, 1, 16, '0', '2018-02-09 01:51:39', '2018-02-08 01:51:00', 0),
(241, 14, 1, 16, '0', '2018-02-09 01:52:14', '2018-02-08 01:52:00', 0),
(242, 16, 1, 14, 'Vocabulary', '2018-02-09 01:53:03', '2018-02-08 19:00:00', 10),
(243, 13, 1, 7, '0', '2018-02-09 02:32:36', '2018-02-08 09:20:00', 10),
(244, 11, 1, 16, '0', '2018-02-09 02:41:37', '2018-02-08 02:41:00', 0),
(245, 8, 1, 4, '0', '2018-02-09 03:05:44', '2018-02-08 21:50:00', 14),
(246, 9, 1, 2, 'O', '2018-02-09 12:42:04', '2018-02-09 07:30:00', 10),
(247, 16, 1, 3, 'i don´t agree* verbs in present.', '2018-02-09 23:00:34', '2018-02-09 17:45:00', 11),
(248, 5, 1, 14, 'listen to music and pronunciation ', '2018-02-09 23:15:05', '2018-02-09 18:00:00', 12),
(249, 10, 1, 16, '0', '2018-02-09 23:20:19', '2018-02-09 23:20:00', 0),
(250, 6, 1, 16, '0', '2018-02-09 23:32:46', '2018-02-09 23:32:00', 0),
(251, 8, 1, 4, 'no one', '2018-02-09 23:53:08', '2018-02-09 23:46:00', 10),
(252, 15, 1, 2, 'many connection problems', '2018-02-10 01:17:56', '2018-02-09 20:00:00', 10),
(253, 7, 1, 6, 'an appointment ', '2018-02-10 02:21:08', '2018-02-09 20:30:00', 10),
(254, 13, 1, 14, 'no one', '2018-02-10 02:41:30', '2018-02-10 21:20:00', 20),
(255, 9, 1, 4, 'the word for today is: \r\nsausage & throw out ', '2018-02-12 12:45:02', '2018-02-13 08:34:00', 10),
(256, 12, 1, 4, 'the word: grab ', '2018-02-12 12:48:18', '2018-02-12 06:10:00', 10),
(257, 17, 1, 4, 'Few errors in prepositions', '2018-02-12 13:18:56', '2018-02-12 08:00:00', 10),
(258, 14, 1, 16, '0', '2018-02-12 22:34:07', '2018-02-12 22:33:00', 0),
(259, 16, 1, 11, 'verbs ', '2018-02-12 23:33:02', '2018-02-12 17:45:00', 11),
(260, 5, 1, 4, '0', '2018-02-12 23:35:44', '2018-02-12 18:00:00', 11),
(261, 6, 1, 12, '0', '2018-02-12 23:59:09', '2018-02-12 18:30:00', 12),
(262, 10, 1, 8, '0', '2018-02-13 00:11:04', '2018-02-12 18:15:00', 11),
(263, 15, 1, 2, 'the bad connection', '2018-02-13 01:20:08', '2018-02-12 01:19:00', 11),
(264, 7, 1, 6, 'Study daily routine', '2018-02-13 01:57:28', '2018-02-12 20:30:00', 11),
(265, 13, 1, 14, '0', '2018-02-13 02:36:41', '2018-02-12 02:36:00', 11),
(266, 12, 1, 4, 'O', '2018-02-13 11:25:11', '2018-02-13 11:24:00', 10),
(267, 11, 1, 9, 'Vocubalary ', '2018-02-13 11:36:38', '2018-02-12 06:10:00', 5),
(268, 9, 1, 12, '10', '2018-02-13 12:46:39', '2018-02-12 07:30:00', 10),
(269, 8, 1, 2, 'no one', '2018-02-13 13:14:03', '2018-02-12 21:50:00', 11),
(270, 10, 1, 10, 'basics verbs *', '2018-02-13 13:15:27', '2018-02-13 07:00:00', 11),
(271, 17, 1, 16, '0', '2018-02-13 13:20:05', '2018-02-13 13:19:00', 0),
(272, 13, 1, 2, 'short time', '2018-02-14 02:38:51', '2018-02-13 21:20:00', 15),
(273, 5, 1, 16, '0', '2018-02-14 02:42:37', '2018-02-13 02:41:00', 0),
(274, 6, 1, 4, 'vocabulary to describe economic situation.', '2018-02-14 02:44:33', '2018-02-13 18:30:00', 10),
(275, 7, 1, 6, 'listening are imporved', '2018-02-14 02:45:40', '2018-02-13 20:30:00', 12),
(276, 11, 1, 16, '0', '2018-02-14 02:48:00', '2018-02-13 02:47:00', 0),
(277, 14, 1, 2, 'vocabulary about trips ', '2018-02-14 02:49:32', '2018-02-13 17:30:00', 12),
(278, 15, 1, 9, 'speak slowly', '2018-02-14 02:50:38', '2018-02-13 20:00:00', 15),
(279, 16, 1, 11, '0', '2018-02-14 02:53:24', '2018-02-13 17:45:00', 11),
(280, 8, 1, 14, '0', '2018-02-14 03:03:31', '2018-02-13 21:50:00', 12),
(281, 14, 1, 2, 'vocabulary ', '2018-02-15 22:37:59', '2018-02-14 21:00:00', 12),
(282, 14, 1, 12, 'Adjectives and descriptions ', '2018-02-15 22:41:53', '2018-02-15 17:30:00', 13),
(283, 16, 1, 6, 'Order words', '2018-02-16 00:01:22', '2018-02-15 17:45:00', 12),
(284, 6, 1, 8, 'no one', '2018-02-16 00:04:55', '2018-02-14 18:30:00', 10),
(285, 6, 1, 9, 'no ', '2018-02-16 00:14:47', '2018-02-15 19:00:00', 10),
(286, 15, 1, 9, 'o', '2018-02-16 01:01:48', '2018-02-14 20:00:00', 13),
(287, 15, 1, 6, '*when (juen)', '2018-02-16 01:17:23', '2018-02-15 20:00:00', 14),
(288, 7, 1, 4, '0', '2018-02-16 01:35:26', '2018-02-14 20:30:00', 12),
(289, 7, 1, 17, 'pronunciation. exercises ', '2018-02-16 01:53:12', '2018-02-16 20:30:00', 12),
(290, 13, 1, 5, 'pronunciation,', '2018-02-16 02:33:00', '2018-02-15 21:20:00', 13),
(291, 11, 1, 9, '0', '2018-02-16 02:38:56', '2018-02-14 21:30:00', 10),
(292, 11, 1, 16, '0', '2018-02-16 02:39:35', '2018-02-15 02:39:00', 0),
(293, 17, 1, 8, 'vocabulary about religion', '2018-02-16 02:41:23', '2018-02-14 08:00:00', 10),
(294, 8, 1, 4, '0', '2018-02-16 03:22:55', '2018-02-14 03:22:00', 11),
(295, 8, 1, 16, '0', '2018-02-16 03:23:18', '2018-02-15 03:23:00', 0),
(296, 12, 1, 16, '0', '2018-02-19 12:10:00', '2018-02-14 12:09:00', 0),
(297, 12, 1, 4, '0', '2018-02-19 12:11:15', '2018-02-15 07:00:00', 10),
(298, 12, 1, 7, '0', '2018-02-19 12:13:03', '2018-02-16 06:10:00', 10),
(299, 12, 1, 4, 'vocabulary, verb to be, regular verbs.', '2018-02-19 12:14:29', '2018-02-19 07:00:00', 10),
(300, 5, 1, 16, '0', '2018-02-19 12:17:35', '2018-02-14 05:55:00', 20),
(301, 6, 1, 3, 'NO ABOUT\r\n', '2018-02-19 14:12:41', '2018-02-16 18:30:00', 10),
(302, 2, 1, 4, 'Vocabulary and synonyms. ', '2018-02-19 14:17:18', '2018-02-19 08:00:00', 25),
(303, 1, 1, 4, '0', '2018-02-19 14:18:25', '2018-02-19 09:10:00', 10),
(304, 5, 1, 16, '0', '2018-02-19 14:23:12', '2018-02-15 14:23:00', 0),
(305, 5, 1, 2, '0', '2018-02-19 14:23:49', '2018-02-16 05:55:00', 20),
(306, 9, 1, 4, '0', '2018-02-19 14:49:51', '2018-02-14 07:30:00', 10),
(307, 9, 1, 2, '0', '2018-02-19 14:51:02', '2018-02-15 07:30:00', 10),
(308, 9, 1, 4, '0', '2018-02-19 14:53:47', '2018-02-19 07:30:00', 10),
(309, 10, 1, 4, '0', '2018-02-19 14:55:24', '2018-02-14 07:00:00', 0),
(310, 10, 1, 16, '0', '2018-02-19 14:56:03', '2018-02-15 14:55:00', 0),
(311, 10, 1, 16, '0', '2018-02-19 14:59:04', '2018-02-16 14:58:00', 0),
(312, 11, 1, 16, '0', '2018-02-19 15:00:30', '2018-02-16 15:00:00', 0),
(313, 14, 1, 7, '0', '2018-02-19 15:04:07', '2018-02-19 17:30:00', 10),
(314, 15, 1, 2, '0', '2018-02-19 15:05:20', '2018-02-16 20:00:00', 10),
(315, 16, 1, 14, '0', '2018-02-19 15:06:22', '2018-02-16 18:00:00', 10),
(316, 17, 1, 8, '0', '2018-02-19 15:07:03', '2018-02-15 08:00:00', 10),
(317, 17, 1, 6, '0', '2018-02-19 15:07:50', '2018-02-16 08:00:00', 10),
(318, 17, 1, 4, '0', '2018-02-19 15:10:23', '2018-02-19 08:00:00', 10),
(319, 5, 1, 9, '0', '2018-02-20 02:10:38', '2018-02-19 18:00:00', 20),
(320, 6, 1, 4, '0', '2018-02-20 02:12:12', '2018-02-19 18:30:00', 12),
(321, 10, 1, 6, '0', '2018-02-20 02:14:03', '2018-02-19 19:00:00', 12),
(322, 14, 1, 2, '0', '2018-02-20 02:18:16', '2018-02-19 17:30:00', 10),
(323, 15, 1, 9, '0', '2018-02-20 02:18:55', '2018-02-19 20:00:00', 10),
(324, 16, 1, 14, '0', '2018-02-20 02:20:06', '2018-02-19 17:45:00', 10),
(325, 13, 1, 5, '0', '2018-02-20 02:32:53', '2018-02-19 21:20:00', 10),
(326, 11, 1, 2, '0', '2018-02-20 02:58:45', '2018-02-19 21:35:00', 7),
(327, 15, 1, 6, '0', '2018-02-21 01:04:36', '2018-02-20 20:00:00', 11),
(329, 3, 1, 4, '0', '2018-02-21 01:27:35', '2018-02-20 12:00:00', 20),
(330, 5, 1, 16, '0', '2018-02-21 01:28:06', '2018-02-20 01:27:00', 0),
(331, 6, 1, 11, '0', '2018-02-21 01:31:14', '2018-02-20 01:29:00', 11),
(332, 8, 1, 3, '0', '2018-02-21 01:46:38', '2018-02-19 21:30:00', 11),
(333, 9, 1, 4, '0', '2018-02-21 01:49:01', '2018-02-20 07:30:00', 20),
(334, 10, 1, 4, '0', '2018-02-21 01:49:43', '2018-02-20 19:00:00', 11),
(335, 12, 1, 3, 'vocabulary and verb to be structure', '2018-02-21 01:51:07', '2018-02-20 18:10:00', 12),
(336, 14, 1, 16, '0', '2018-02-21 01:54:56', '2018-02-20 01:53:00', 0),
(337, 16, 1, 2, 'sausage and meat', '2018-02-21 01:57:08', '2018-02-20 17:45:00', 10),
(338, 17, 1, 4, 'article.\r\n', '2018-02-21 01:58:49', '2018-02-20 20:00:00', 11),
(339, 18, 1, 4, '0', '2018-02-21 02:04:39', '2018-02-20 13:00:00', 10),
(340, 11, 1, 4, '0', '2018-02-21 02:50:00', '2018-02-20 21:35:00', 11),
(341, 8, 1, 6, '0', '2018-02-21 02:54:18', '2018-02-20 21:50:00', 10),
(342, 5, 1, 6, '0', '2018-02-22 01:28:21', '2018-02-21 06:00:00', 15),
(343, 18, 1, 6, '0', '2018-02-22 01:37:11', '2018-02-21 13:00:00', 10),
(344, 17, 1, 4, 'vocabulary', '2018-02-22 01:37:44', '2018-02-21 08:00:00', 11),
(345, 16, 1, 14, 'vocabulary', '2018-02-22 01:38:25', '2018-02-21 17:45:00', 11),
(346, 15, 1, 6, 'Vocabulary of cloth ', '2018-02-22 01:39:14', '2018-02-21 20:00:00', 11),
(347, 14, 1, 4, '0', '2018-02-22 01:39:52', '2018-02-21 17:30:00', 11),
(348, 12, 1, 16, '0', '2018-02-22 01:40:28', '2018-02-21 01:40:00', 0),
(349, 10, 1, 2, '0', '2018-02-22 01:41:03', '2018-02-21 19:00:00', 0),
(350, 9, 1, 14, 'Vocabulary', '2018-02-22 01:43:54', '2018-02-21 19:30:00', 11),
(351, 6, 1, 9, '0', '2018-02-22 01:45:38', '2018-02-21 18:30:00', 11),
(352, 3, 1, 6, '0', '2018-02-22 01:46:40', '2018-02-21 07:45:00', 10),
(353, 1, 1, 4, '0', '2018-02-22 02:20:59', '2018-02-21 21:00:00', 17),
(354, 13, 1, 6, '0', '2018-02-22 02:27:10', '2018-02-20 21:20:00', 10),
(355, 13, 1, 14, '0', '2018-02-22 02:40:33', '2018-02-21 21:21:00', 10),
(356, 8, 1, 14, 'the third condition', '2018-02-22 03:11:17', '2018-02-21 21:00:00', 12),
(357, 18, 1, 3, '0', '2018-02-22 23:55:11', '2018-02-22 23:54:00', 10),
(358, 17, 1, 6, '0', '2018-02-22 23:57:31', '2018-02-22 08:00:00', 10),
(359, 16, 1, 14, '0', '2018-02-23 00:23:47', '2018-02-22 19:00:00', 10),
(361, 14, 1, 4, '0', '2018-02-23 00:25:42', '2018-02-22 17:30:00', 10),
(362, 12, 1, 6, '0', '2018-02-23 00:30:35', '2018-02-22 18:10:00', 10),
(363, 10, 1, 6, '0', '2018-02-23 00:33:49', '2018-02-22 07:00:00', 10),
(364, 9, 1, 4, '0', '2018-02-23 00:34:29', '2018-02-22 07:30:00', 10),
(365, 15, 1, 2, 'My mom was bruised', '2018-02-23 01:23:42', '2018-02-22 20:00:00', 12),
(366, 1, 1, 4, '0', '2018-02-23 02:20:40', '2018-02-22 21:00:00', 20),
(367, 13, 1, 14, '0', '2018-02-23 02:34:15', '2018-02-22 21:00:00', 11),
(368, 11, 1, 16, '0', '2018-02-23 02:38:53', '2018-02-21 02:38:00', 0),
(369, 11, 1, 9, '0', '2018-02-23 02:39:23', '2018-02-22 02:39:00', 7),
(370, 8, 1, 4, '0', '2018-02-23 03:46:53', '2018-02-22 21:50:00', 10),
(371, 18, 1, 2, 'Vocabulario', '2018-02-28 15:35:28', '2018-02-23 13:00:00', 10),
(372, 18, 1, 4, '0', '2018-02-28 15:35:57', '2018-02-27 13:00:00', 10),
(373, 17, 1, 7, '0', '2018-02-28 15:36:23', '2018-02-23 13:00:00', 10),
(374, 16, 1, 6, 'Day to speak with another tutor', '2018-02-28 15:36:57', '2018-02-23 17:45:00', 10),
(375, 16, 1, 6, 'The day that speak with another tutor', '2018-02-28 15:37:51', '2018-02-26 15:37:00', 10),
(376, 16, 1, 6, '0', '2018-02-28 15:38:27', '2018-02-27 17:45:00', 10),
(377, 15, 1, 4, 'The day that practice with another tutor', '2018-02-28 15:40:21', '2018-02-23 20:00:00', 10),
(378, 15, 1, 4, 'The day that practice with another tutor', '2018-02-28 15:40:46', '2018-02-26 20:00:00', 10),
(379, 15, 1, 16, 'cancelo 30 minutos antes la llamada.', '2018-02-28 15:41:22', '2018-02-27 20:00:00', 0),
(380, 14, 1, 6, 'The day that practice with another tutor', '2018-02-28 15:41:48', '2018-02-23 17:30:00', 10),
(381, 14, 1, 6, 'The day that practice with another tutor', '2018-02-28 15:42:06', '2018-02-26 17:30:00', 10),
(382, 14, 1, 4, '0', '2018-02-28 15:44:52', '2018-02-27 17:30:00', 10),
(383, 13, 1, 6, 'The day that practice with another tutor', '2018-02-28 15:45:53', '2018-02-23 21:20:00', 10),
(384, 13, 1, 6, 'The day that practice with another tutor', '2018-02-28 15:46:26', '2018-02-26 21:20:00', 10),
(385, 13, 1, 7, '0', '2018-02-28 15:47:20', '2018-02-27 15:46:00', 10),
(386, 12, 1, 16, '0', '2018-02-28 15:58:54', '2018-02-23 15:58:00', 0),
(387, 12, 1, 7, '0', '2018-02-28 15:59:18', '2018-02-26 18:10:00', 10),
(388, 12, 1, 4, '0', '2018-02-28 16:00:49', '2018-02-27 15:59:00', 10),
(389, 12, 1, 4, '0', '2018-02-28 16:03:28', '2018-02-28 06:10:00', 10),
(390, 11, 1, 6, 'The day that practice with another tutor', '2018-02-28 16:07:18', '2018-02-23 21:35:00', 10),
(391, 11, 1, 6, 'The day that practice with another tutor', '2018-02-28 16:07:44', '2018-02-26 21:35:00', 10),
(392, 11, 1, 2, '0', '2018-02-28 16:08:20', '2018-02-27 21:35:00', 10),
(393, 10, 1, 16, '0', '2018-02-28 16:08:58', '2018-02-23 16:08:00', 0),
(394, 10, 1, 6, '0', '2018-02-28 16:09:43', '2018-02-26 07:00:00', 10),
(395, 10, 1, 16, '0', '2018-02-28 16:10:19', '2018-02-27 16:10:00', 0),
(396, 10, 1, 4, '0', '2018-02-28 16:11:04', '2018-02-28 07:00:00', 10),
(397, 9, 1, 2, '0', '2018-02-28 16:22:15', '2018-02-23 07:30:00', 10),
(398, 9, 1, 4, '0', '2018-02-28 16:22:41', '2018-02-26 07:30:00', 10),
(399, 9, 1, 7, '0', '2018-02-28 16:23:03', '2018-02-27 07:30:00', 10),
(400, 9, 1, 16, '0', '2018-02-28 16:23:12', '2018-02-28 16:23:00', 0),
(401, 8, 1, 7, 'The day that practice with another tutor', '2018-02-28 16:24:30', '2018-02-23 21:50:00', 10),
(402, 8, 1, 6, 'The day that practice with another tutor', '2018-02-28 16:25:05', '2018-02-26 09:50:00', 10),
(403, 8, 1, 7, '0', '2018-02-28 16:26:15', '2018-02-27 21:50:00', 10),
(404, 6, 1, 6, '0', '2018-02-28 16:27:53', '2018-02-22 18:30:00', 10),
(405, 6, 1, 6, 'The day that practice with another tutor', '2018-02-28 16:28:22', '2018-02-23 18:30:00', 10),
(406, 6, 1, 6, 'The day that practice with another tutor', '2018-02-28 16:28:46', '2018-02-26 18:30:00', 10),
(407, 6, 1, 16, '0', '2018-02-28 16:28:59', '2018-02-27 16:28:00', 0),
(408, 5, 1, 16, '0', '2018-02-28 16:29:59', '2018-02-22 18:00:00', 10),
(409, 5, 1, 6, '0', '2018-02-28 16:30:52', '2018-02-23 06:00:00', 20),
(410, 3, 1, 4, '0', '2018-02-28 16:35:35', '2018-02-22 16:35:00', 15),
(411, 3, 1, 13, '0', '2018-02-28 16:36:01', '2018-02-23 20:30:00', 20),
(412, 3, 1, 6, '0', '2018-02-28 16:36:32', '2018-02-27 17:00:00', 15),
(413, 3, 1, 12, '0', '2018-02-28 16:37:41', '2018-02-28 23:30:00', 15),
(414, 2, 1, 13, '0', '2018-02-28 16:39:03', '2018-02-22 12:00:00', 25),
(415, 2, 1, 11, '0', '2018-02-28 16:39:19', '2018-02-23 16:39:00', 20),
(416, 2, 1, 4, '0', '2018-02-28 16:39:51', '2018-02-27 11:23:00', 23),
(417, 2, 1, 6, '0', '2018-02-28 16:40:16', '2018-02-28 08:30:00', 20),
(418, 18, 1, 11, 'season and apetite', '2018-02-28 18:16:33', '2018-02-28 13:00:00', 12),
(419, 14, 1, 16, 'O', '2018-03-01 03:22:10', '2018-02-28 03:21:00', 0),
(420, 16, 1, 6, '0', '2018-03-01 03:23:53', '2018-02-28 17:45:00', 10),
(421, 15, 1, 2, '0', '2018-03-01 03:25:14', '2018-02-28 20:00:00', 10),
(422, 13, 1, 7, '0', '2018-03-01 03:27:30', '2018-02-28 21:20:00', 10),
(423, 11, 1, 2, '0', '2018-03-01 03:28:37', '2018-02-28 21:35:00', 12),
(424, 8, 1, 4, 'O', '2018-03-01 03:30:07', '2018-02-28 21:50:00', 10),
(425, 6, 1, 6, 'O', '2018-03-01 03:32:00', '2018-02-28 18:30:00', 10),
(426, 1, 1, 7, '0', '2018-03-01 03:33:28', '2018-02-28 21:00:00', 10),
(427, 18, 1, 6, 'Verbs in past (video link)', '2018-03-01 18:17:58', '2018-03-01 18:04:00', 11),
(428, 10, 1, 7, '0', '2018-03-01 18:21:50', '2018-03-01 07:00:00', 10),
(429, 19, 1, 4, '0', '2018-03-01 18:34:24', '2018-03-23 13:15:00', 7),
(430, 19, 1, 4, '0', '2018-03-01 18:34:49', '2018-03-27 13:15:00', 15),
(431, 19, 1, 4, '0', '2018-03-01 18:35:42', '2018-03-28 13:15:00', 20),
(432, 12, 1, 16, '0', '2018-03-01 19:35:08', '2018-03-01 19:34:00', 0),
(433, 14, 1, 9, 'Vocabulary', '2018-03-01 22:48:51', '2018-03-01 17:30:00', 11),
(434, 6, 1, 4, '0', '2018-03-01 23:50:37', '2018-03-01 18:30:00', 18),
(435, 15, 1, 16, '0', '2018-03-02 03:44:32', '2018-03-01 03:44:00', 0),
(436, 20, 1, 16, '0', '2018-03-02 03:44:56', '2018-02-28 03:44:00', 0),
(437, 20, 1, 16, '0', '2018-03-02 03:45:07', '2018-03-01 03:44:00', 0),
(438, 13, 1, 14, 'have a class', '2018-03-02 03:45:51', '2018-03-01 21:20:00', 11),
(439, 11, 1, 16, '0', '2018-03-02 03:46:15', '2018-03-01 03:46:00', 0),
(440, 1, 1, 13, '0', '2018-03-02 03:48:25', '2018-03-01 21:00:00', 20),
(441, 8, 1, 7, '0', '2018-03-02 03:49:02', '2018-03-01 21:50:00', 11),
(442, 12, 1, 16, 'O', '2018-03-05 11:13:22', '2018-03-02 11:11:00', 0),
(443, 12, 1, 16, 'O', '2018-03-05 11:14:01', '2018-03-05 11:13:00', 0),
(444, 21, 1, 1, 'Tenses ', '2018-03-05 22:58:25', '2018-03-05 17:15:00', 10),
(445, 20, 1, 4, '0', '2018-03-05 23:00:18', '2018-03-05 22:59:00', 20),
(446, 19, 1, 13, '0', '2018-03-05 23:25:49', '2018-03-05 07:15:00', 20),
(447, 18, 1, 6, '0', '2018-03-05 23:27:00', '2018-03-02 13:00:00', 5),
(448, 16, 1, 16, '0', '2018-03-05 23:30:14', '2018-03-01 23:29:00', 0),
(449, 12, 1, 14, '0', '2018-03-06 12:00:39', '2018-03-06 06:10:00', 11),
(450, 10, 1, 16, '0', '2018-03-06 12:05:52', '2018-03-02 12:00:00', 0),
(451, 10, 1, 16, '0', '2018-03-06 12:07:06', '2018-03-05 12:06:00', 0),
(452, 10, 1, 16, '0', '2018-03-06 12:09:50', '2018-03-06 12:09:00', 0),
(453, 9, 1, 3, '0', '2018-03-06 12:38:23', '2018-03-01 07:30:00', 10),
(454, 9, 1, 2, '0', '2018-03-06 12:40:57', '2018-03-02 07:30:00', 11),
(455, 9, 1, 4, '0', '2018-03-06 12:42:06', '2018-03-05 12:41:00', 11),
(456, 9, 1, 6, 'Pronauntiation:Peach, to train ', '2018-03-06 12:44:22', '2018-03-06 07:30:00', 10),
(457, 16, 1, 2, '0', '2018-03-06 13:28:52', '2018-03-02 17:45:00', 11),
(458, 16, 1, 2, '0', '2018-03-06 13:29:50', '2018-03-05 13:29:00', 11),
(459, 18, 1, 16, '0', '2018-03-06 13:35:10', '2018-03-05 13:34:00', 10),
(460, 15, 1, 2, '0', '2018-03-06 13:37:20', '2018-03-05 20:00:00', 15),
(461, 15, 1, 2, '0', '2018-03-06 13:38:10', '2018-03-02 20:00:00', 15),
(462, 13, 1, 3, '0', '2018-03-06 13:41:31', '2018-03-02 21:20:00', 13),
(463, 13, 1, 2, '0', '2018-03-06 13:42:38', '2018-03-05 21:20:00', 13),
(464, 11, 1, 16, '0', '2018-03-06 13:45:10', '2018-03-02 13:44:00', 0),
(465, 11, 1, 16, '0', '2018-03-06 13:47:55', '2018-03-05 13:45:00', 0),
(466, 8, 1, 16, '0', '2018-03-06 14:02:28', '2018-03-02 14:01:00', 0),
(467, 8, 1, 6, '0', '2018-03-06 14:03:57', '2018-03-05 21:50:00', 10),
(468, 7, 1, 6, '0', '2018-03-06 14:10:02', '2018-03-05 20:30:00', 11),
(469, 6, 1, 16, '0', '2018-03-06 14:11:52', '2018-03-02 12:00:00', 10),
(470, 6, 1, 16, '0', '2018-03-06 14:12:41', '2018-03-05 14:12:00', 0),
(471, 5, 1, 16, '0', '2018-03-06 14:34:54', '2018-03-05 14:34:00', 0),
(472, 14, 1, 16, '0', '2018-03-06 14:36:25', '2018-03-05 14:35:00', 0),
(474, 21, 1, 6, '0', '2018-03-06 23:25:59', '2018-03-06 17:15:00', 10),
(475, 16, 1, 12, '0', '2018-03-06 23:29:02', '2018-03-06 17:45:00', 11),
(476, 18, 1, 6, '0', '2018-03-06 23:48:00', '2018-03-06 13:00:00', 15),
(477, 17, 1, 4, '0', '2018-03-07 00:55:29', '2018-02-28 08:00:00', 10),
(478, 17, 1, 6, '0', '2018-03-07 00:56:00', '2018-02-27 08:00:00', 11),
(479, 17, 1, 8, '0', '2018-03-07 00:56:21', '2018-03-01 08:00:00', 11),
(480, 17, 1, 16, '0', '2018-03-07 00:57:04', '2018-03-02 00:56:00', 0),
(481, 17, 1, 4, '0', '2018-03-07 00:57:30', '2018-03-05 08:00:00', 11),
(482, 17, 1, 8, '0', '2018-03-07 00:57:57', '2018-03-06 08:00:00', 11),
(483, 15, 1, 4, '0', '2018-03-07 01:13:53', '2018-03-06 20:00:00', 12),
(484, 7, 1, 13, '0', '2018-03-07 01:45:24', '2018-03-06 20:30:00', 12),
(485, 13, 1, 6, '0', '2018-03-07 02:37:45', '2018-03-06 21:21:00', 14),
(486, 11, 1, 6, '0', '2018-03-07 02:49:58', '2018-03-06 21:35:00', 11),
(487, 8, 1, 4, '0', '2018-03-07 03:19:30', '2018-03-06 21:50:00', 11),
(488, 21, 1, 6, '0', '2018-03-07 22:42:17', '2018-03-07 17:15:00', 11),
(489, 17, 1, 16, '0', '2018-03-07 22:43:11', '2018-03-07 22:43:00', 0),
(490, 18, 1, 16, '0', '2018-03-07 22:51:09', '2018-03-07 22:50:00', 0),
(491, 16, 1, 10, 'understand listening and review some vocabulary.', '2018-03-07 22:55:26', '2018-03-07 17:45:00', 10),
(492, 14, 1, 6, '0', '2018-03-07 22:56:15', '2018-03-06 18:00:00', 10),
(493, 14, 1, 16, '0', '2018-03-07 22:56:30', '2018-03-07 22:56:00', 0),
(494, 5, 1, 16, '0', '2018-03-07 23:26:39', '2018-03-06 23:15:00', 14),
(495, 6, 1, 13, '0', '2018-03-07 23:57:03', '2018-03-06 18:30:00', 11),
(496, 6, 1, 15, 'pedestrian path', '2018-03-08 00:00:33', '2018-03-07 23:57:00', 13),
(497, 15, 1, 4, '0', '2018-03-08 01:20:25', '2018-03-07 20:00:00', 11),
(498, 7, 1, 4, '0', '2018-03-08 01:45:00', '2018-03-07 20:30:00', 11),
(499, 22, 1, 1, 'vocabulary, tenses, pronunciation. ', '2018-03-08 02:00:59', '2018-03-07 20:45:00', 11),
(500, 13, 1, 14, '0', '2018-03-08 02:37:40', '2018-03-07 21:21:00', 15),
(501, 11, 1, 10, '0', '2018-03-08 02:48:54', '2018-03-07 21:32:00', 10),
(502, 8, 1, 2, '0', '2018-03-08 03:23:58', '2018-03-07 21:50:00', 11),
(503, 12, 1, 4, '0', '2018-03-08 11:23:27', '2018-03-07 06:00:00', 11),
(504, 12, 1, 10, '0', '2018-03-08 12:29:57', '2018-03-08 06:10:00', 11),
(505, 17, 1, 4, '0', '2018-03-08 13:34:16', '2018-03-08 13:14:00', 10),
(506, 15, 1, 4, '0', '2018-03-10 01:33:50', '2018-03-08 20:00:00', 15),
(507, 15, 1, 14, '0', '2018-03-10 01:34:29', '2018-03-09 20:00:00', 15),
(508, 14, 1, 4, '0', '2018-03-10 01:35:34', '2018-03-08 17:30:00', 12),
(509, 14, 1, 16, '0', '2018-03-10 01:35:51', '2018-03-09 01:35:00', 0),
(510, 17, 1, 3, '0', '2018-03-10 01:36:39', '2018-03-09 08:00:00', 15),
(511, 21, 1, 14, '0', '2018-03-10 01:37:17', '2018-03-08 17:15:00', 10),
(512, 21, 1, 2, '0', '2018-03-10 01:39:49', '2018-03-09 17:30:00', 15),
(513, 16, 1, 14, '0', '2018-03-10 01:43:34', '2018-03-08 19:00:00', 13),
(514, 16, 1, 11, '0', '2018-03-10 01:44:01', '2018-03-09 17:30:00', 12),
(515, 18, 1, 6, '0', '2018-03-10 01:44:38', '2018-03-08 13:00:00', 12),
(516, 18, 1, 3, 'Ribs and loin, Stone oven and plantain.', '2018-03-10 01:49:06', '2018-03-09 18:15:00', 12),
(517, 22, 1, 3, '0', '2018-03-10 01:51:04', '2018-03-08 20:45:00', 15),
(518, 22, 1, 4, 'order words', '2018-03-10 01:58:46', '2018-03-09 20:45:00', 12),
(519, 1, 1, 9, '0', '2018-03-10 02:13:27', '2018-03-09 21:00:00', 20),
(520, 10, 1, 16, '0', '2018-03-10 02:18:35', '2018-03-07 02:18:00', 0),
(521, 11, 1, 10, 'verbs in past,', '2018-03-10 03:12:04', '2018-03-08 21:35:00', 11),
(522, 11, 1, 16, '0', '2018-03-10 03:14:46', '2018-03-09 22:13:00', 0),
(523, 12, 1, 16, '0', '2018-03-12 12:31:46', '2018-03-12 12:31:00', 0),
(524, 17, 1, 15, '0 ', '2018-03-12 13:33:57', '2018-03-12 08:00:00', 12),
(525, 21, 1, 6, 'past tense.', '2018-03-12 22:31:58', '2018-03-12 17:15:00', 11),
(526, 14, 1, 2, 'he turned 31... last week', '2018-03-12 23:43:04', '2018-03-12 23:08:00', 13),
(527, 16, 1, 11, '0', '2018-03-13 00:08:37', '2018-03-12 17:45:00', 12),
(528, 18, 1, 2, '0', '2018-03-13 00:12:56', '2018-03-12 13:00:00', 12),
(529, 9, 1, 4, '0', '2018-03-13 00:16:20', '2018-03-12 07:30:00', 12),
(530, 5, 1, 17, 'Set up:  set up - to arrange, begin.', '2018-03-13 00:21:52', '2018-03-12 00:21:00', 10),
(531, 6, 1, 6, '0', '2018-03-13 00:23:33', '2018-03-08 00:22:00', 12),
(532, 6, 1, 6, '0', '2018-03-13 00:24:18', '2018-03-09 00:23:00', 12),
(533, 6, 1, 16, '0', '2018-03-13 00:24:44', '2018-03-12 00:24:00', 0),
(534, 15, 1, 6, '0', '2018-03-13 01:53:26', '2018-03-12 20:00:00', 12),
(535, 7, 1, 6, '0', '2018-03-13 02:02:46', '2018-03-08 20:30:00', 11),
(536, 7, 1, 6, '0', '2018-03-13 02:03:23', '2018-03-09 20:30:00', 11),
(537, 7, 1, 15, 'verbs in past', '2018-03-13 02:04:25', '2018-03-12 20:00:00', 11),
(538, 13, 1, 6, '0', '2018-03-13 02:29:58', '2018-03-08 21:13:00', 11),
(539, 13, 1, 6, '0', '2018-03-13 02:30:33', '2018-03-09 21:20:00', 12),
(540, 13, 1, 6, '0', '2018-03-13 02:40:37', '2018-03-12 21:20:00', 13),
(541, 11, 1, 4, '0', '2018-03-13 03:47:30', '2018-03-12 21:35:00', 11),
(542, 8, 1, 8, '0', '2018-03-13 03:49:53', '2018-03-08 21:35:00', 12),
(543, 8, 1, 17, 'https://www.ted.com/talks/aimee_mullins_prosthetic_aesthetics', '2018-03-13 03:52:12', '2018-03-09 21:50:00', 12),
(544, 21, 1, 14, '0', '2018-03-14 00:02:28', '2018-03-14 17:15:00', 12),
(545, 21, 1, 14, '0', '2018-03-14 00:02:29', '2018-03-13 17:15:00', 12),
(546, 16, 1, 14, '0', '2018-03-14 00:54:24', '2018-03-13 17:45:00', 12),
(547, 14, 1, 16, '0', '2018-03-14 00:55:25', '2018-03-13 00:55:00', 0),
(548, 12, 1, 4, '0', '2018-03-14 00:57:55', '2018-03-13 06:10:00', 10),
(549, 15, 1, 6, '0', '2018-03-14 01:17:30', '2018-03-13 20:00:00', 12),
(550, 9, 1, 4, '0', '2018-03-14 01:18:23', '2018-03-13 19:30:00', 11),
(551, 18, 1, 4, '0', '2018-03-14 01:45:09', '2018-03-13 14:00:00', 12),
(552, 7, 1, 14, 'vocabulary', '2018-03-14 01:47:51', '2018-03-13 20:30:00', 12),
(553, 22, 1, 2, '0', '2018-03-14 02:35:24', '2018-03-13 21:20:00', 12),
(554, 13, 1, 4, '0', '2018-03-14 02:59:27', '2018-03-13 21:20:00', 11),
(555, 8, 1, 15, '0', '2018-03-14 03:01:13', '2018-03-12 21:50:00', 11),
(556, 8, 1, 7, '0', '2018-03-14 03:01:38', '2018-03-13 21:50:00', 12),
(557, 22, 1, 16, '0', '2018-03-15 23:19:14', '2018-03-12 23:18:00', 0),
(558, 22, 1, 4, '0', '2018-03-15 23:22:07', '2018-03-14 18:00:00', 11),
(559, 21, 1, 14, '0', '2018-03-15 23:27:23', '2018-03-15 17:15:00', 12),
(560, 18, 1, 4, '0', '2018-03-15 23:35:37', '2018-03-14 13:00:00', 12),
(561, 18, 1, 16, '0', '2018-03-15 23:35:51', '2018-03-15 23:35:00', 0),
(562, 17, 1, 4, '0', '2018-03-15 23:39:18', '2018-03-13 20:00:00', 10),
(563, 17, 1, 9, '0', '2018-03-15 23:39:46', '2018-03-15 08:00:00', 5),
(564, 16, 1, 3, '0', '2018-03-15 23:42:04', '2018-03-14 17:45:00', 12),
(565, 15, 1, 16, '0', '2018-03-15 23:42:26', '2018-03-14 23:42:00', 0),
(566, 14, 1, 16, '0', '2018-03-15 23:42:55', '2018-03-14 23:42:00', 0),
(567, 13, 1, 17, 'listening again', '2018-03-15 23:45:07', '2018-03-14 23:44:00', 12),
(568, 12, 1, 16, '0', '2018-03-15 23:46:40', '2018-03-14 23:46:00', 0),
(569, 11, 1, 10, '0', '2018-03-15 23:47:56', '2018-03-13 21:35:00', 12),
(570, 11, 1, 2, '0', '2018-03-15 23:48:35', '2018-03-14 21:35:00', 12),
(571, 9, 1, 4, '0', '2018-03-15 23:49:17', '2018-03-14 07:30:00', 12),
(572, 9, 1, 14, '0', '2018-03-15 23:50:56', '2018-03-15 07:30:00', 12),
(573, 8, 1, 17, 'watching the video', '2018-03-15 23:52:44', '2018-03-14 23:52:00', 12),
(574, 7, 1, 4, '0', '2018-03-15 23:53:42', '2018-03-14 20:30:00', 12),
(575, 6, 1, 4, '0', '2018-03-16 00:04:59', '2018-03-13 18:30:00', 12),
(576, 6, 1, 4, '0', '2018-03-16 00:05:38', '2018-03-14 18:30:00', 12),
(577, 6, 1, 4, 'world news.', '2018-03-16 00:09:24', '2018-03-15 18:30:00', 0),
(578, 5, 1, 2, '0', '2018-03-16 00:16:45', '2018-03-13 18:00:00', 11),
(579, 5, 1, 14, '0', '2018-03-16 00:20:31', '2018-03-14 18:00:00', 11),
(580, 5, 1, 16, '0', '2018-03-16 00:20:45', '2018-03-15 00:20:00', 0),
(581, 23, 1, 6, 'No translate. ', '2018-03-16 00:36:57', '2018-03-12 12:00:00', 12),
(582, 23, 1, 2, '0', '2018-03-16 00:37:13', '2018-03-13 12:00:00', 10),
(583, 23, 1, 6, '0', '2018-03-16 00:37:33', '2018-03-14 12:00:00', 12),
(584, 23, 1, 10, '0', '2018-03-16 00:37:52', '2018-03-15 12:00:00', 12),
(585, 15, 1, 6, '0', '2018-03-16 01:34:01', '2018-03-15 20:00:00', 12),
(586, 7, 1, 16, '0', '2018-03-16 01:56:54', '2018-03-15 01:56:00', 0),
(587, 22, 1, 12, '0', '2018-03-16 01:58:24', '2018-03-15 20:41:00', 12),
(588, 11, 1, 4, '0', '2018-03-16 03:11:20', '2018-03-15 21:35:00', 12),
(589, 8, 1, 16, '0', '2018-03-16 03:12:02', '2018-03-15 03:11:00', 0),
(590, 13, 1, 17, 'watch again the video with subtitles. ', '2018-03-16 03:12:54', '2018-03-15 03:12:00', 12),
(591, 12, 1, 16, '0', '2018-03-16 14:24:26', '2018-03-15 14:24:00', 0),
(592, 12, 1, 4, '0', '2018-03-16 14:24:52', '2018-03-16 06:10:00', 11),
(593, 17, 1, 4, '0', '2018-03-16 14:26:02', '2018-03-14 08:00:00', 12),
(594, 17, 1, 6, '0', '2018-03-16 14:29:29', '2018-03-16 06:45:00', 12),
(595, 23, 1, 3, '0', '2018-03-16 17:27:20', '2018-03-16 12:00:00', 11),
(596, 14, 1, 4, '0', '2018-03-16 23:38:17', '2018-03-15 17:30:00', 12),
(597, 14, 1, 13, '0', '2018-03-16 23:38:53', '2018-03-16 17:30:00', 12),
(598, 21, 1, 14, '0', '2018-03-16 23:39:32', '2018-03-16 17:15:00', 12),
(599, 18, 1, 9, '0', '2018-03-16 23:40:14', '2018-03-16 14:00:00', 12),
(600, 9, 1, 4, '0', '2018-03-16 23:42:23', '2018-03-16 19:30:00', 12),
(601, 5, 1, 2, '0', '2018-03-16 23:49:04', '2018-03-16 18:00:00', 12),
(602, 15, 1, 12, 'more vocabulary and study verbs', '2018-03-17 01:37:18', '2018-03-16 20:00:00', 15),
(603, 7, 1, 16, '0', '2018-03-17 01:44:13', '2018-03-16 01:44:00', 0),
(604, 22, 1, 16, '0', '2018-03-17 02:01:01', '2018-03-16 02:00:00', 0),
(605, 11, 1, 16, '0', '2018-03-17 02:49:24', '2018-03-16 02:49:00', 0),
(606, 13, 1, 7, 'watching and reading the ted talk', '2018-03-17 02:50:20', '2018-03-16 02:49:00', 13),
(607, 8, 1, 16, '0', '2018-03-17 02:52:46', '2018-03-16 02:52:00', 0),
(608, 9, 1, 6, 'looking, checking and seeing', '2018-03-20 12:38:57', '2018-03-20 07:30:00', 10),
(609, 16, 1, 8, '0', '2018-03-20 12:42:41', '2018-03-15 19:00:00', 6),
(610, 16, 1, 6, '0', '2018-03-20 12:43:13', '2018-03-20 05:45:00', 10),
(611, 6, 1, 16, '0', '2018-03-20 14:38:32', '2018-03-16 14:38:00', 0),
(612, 23, 1, 9, '0', '2018-03-21 17:03:18', '2018-03-19 12:00:00', 11),
(613, 23, 1, 9, '0', '2018-03-21 17:07:38', '2018-03-20 12:00:00', 11),
(614, 23, 1, 5, '0', '2018-03-21 17:08:21', '2018-03-21 12:00:00', 12),
(615, 22, 1, 12, '0', '2018-03-21 17:10:54', '2018-03-20 20:45:00', 12),
(616, 21, 1, 6, '0', '2018-03-21 17:16:10', '2018-03-20 17:15:00', 12),
(617, 18, 1, 9, 'O', '2018-03-21 17:17:41', '2018-03-20 17:16:00', 12),
(618, 17, 1, 7, '0', '2018-03-21 17:18:14', '2018-03-20 17:17:00', 12),
(619, 15, 1, 6, '0', '2018-03-21 17:19:28', '2018-03-20 20:30:00', 12),
(620, 14, 1, 16, '0', '2018-03-21 17:21:09', '2018-03-20 17:20:00', 0),
(621, 13, 1, 4, '0', '2018-03-21 17:24:32', '2018-03-20 21:20:00', 12),
(622, 18, 1, 4, '0', '2018-03-21 22:16:17', '2018-03-21 13:30:00', 12),
(623, 24, 1, 16, '0', '2018-03-21 22:16:46', '2018-03-21 22:16:00', 0),
(624, 9, 1, 6, '0', '2018-03-21 22:17:33', '2018-03-21 07:30:00', 12),
(625, 21, 1, 6, '0', '2018-03-21 22:27:46', '2018-03-21 17:15:00', 11),
(626, 16, 1, 14, '0', '2018-03-21 23:00:43', '2018-03-21 22:59:00', 12),
(627, 5, 1, 4, 'pronunciation ', '2018-03-21 23:16:43', '2018-03-20 23:16:00', 12),
(628, 5, 1, 4, '0', '2018-03-21 23:33:57', '2018-03-21 18:00:00', 11),
(629, 6, 1, 14, '0', '2018-03-22 00:28:38', '2018-03-21 18:30:00', 12),
(630, 6, 1, 16, '0', '2018-03-22 00:28:58', '2018-03-20 00:28:00', 0),
(631, 22, 1, 9, '0', '2018-03-22 02:22:59', '2018-03-21 20:45:00', 12),
(632, 7, 1, 4, '0', '2018-03-22 02:23:49', '2018-03-20 20:00:00', 10),
(633, 7, 1, 6, '0', '2018-03-22 02:24:13', '2018-03-21 20:30:00', 12),
(634, 13, 1, 4, 'https://www.ted.com/talks/eduardo_briceno_how_to_get_better_at_the_things_you_care_about the new video.', '2018-03-22 02:36:01', '2018-03-22 21:20:00', 12),
(635, 11, 1, 7, '0', '2018-03-22 03:10:58', '2018-03-20 21:35:00', 12),
(636, 11, 1, 4, '0', '2018-03-22 03:11:28', '2018-03-21 21:35:00', 12),
(637, 12, 1, 16, '0', '2018-03-22 03:11:59', '2018-03-20 03:11:00', 0),
(638, 8, 1, 8, '0', '2018-03-22 03:19:07', '2018-03-20 21:50:00', 10),
(639, 5, 1, 6, '0', '2018-03-26 21:46:53', '2018-03-22 18:00:00', 12),
(640, 5, 1, 4, '0', '2018-03-26 21:47:30', '2018-03-23 18:00:00', 10),
(641, 6, 1, 10, '0', '2018-03-26 21:49:13', '2018-03-23 18:30:00', 10),
(642, 7, 1, 4, '0', '2018-03-26 21:49:52', '2018-03-22 20:30:00', 10),
(643, 7, 1, 16, '0', '2018-03-26 21:50:12', '2018-03-23 21:50:00', 0),
(644, 8, 1, 8, '0', '2018-03-26 21:51:51', '2018-03-21 21:50:00', 10),
(645, 8, 1, 5, '0', '2018-03-26 21:52:14', '2018-03-22 21:51:00', 10),
(646, 8, 1, 17, '0', '2018-03-26 21:52:32', '2018-03-23 21:50:00', 12),
(647, 9, 1, 4, '0', '2018-03-26 21:52:59', '2018-03-22 21:52:00', 10),
(648, 9, 1, 2, '0', '2018-03-26 21:53:12', '2018-03-23 21:53:00', 10),
(649, 9, 1, 16, '0', '2018-03-26 22:01:48', '2018-03-26 22:01:00', 0),
(650, 11, 1, 4, '0', '2018-03-26 22:04:04', '2018-03-22 22:03:00', 10),
(651, 11, 1, 2, '0', '2018-03-26 22:04:25', '2018-03-23 21:35:00', 10),
(652, 12, 1, 6, '0', '2018-03-26 22:04:58', '2018-03-21 22:04:00', 10),
(653, 12, 1, 16, '0', '2018-03-26 22:05:18', '2018-03-22 22:05:00', 0),
(654, 12, 1, 4, '0', '2018-03-26 22:05:37', '2018-03-23 22:05:00', 12),
(655, 13, 1, 17, '0', '2018-03-26 22:06:01', '2018-03-23 22:05:00', 10),
(656, 14, 1, 4, '0', '2018-03-26 22:11:48', '2018-03-21 17:30:00', 10),
(657, 14, 1, 2, '0', '2018-03-26 22:14:31', '2018-03-22 22:14:00', 10),
(658, 14, 1, 4, '0', '2018-03-26 22:14:43', '2018-03-23 22:14:00', 10),
(659, 15, 1, 2, '0', '2018-03-26 22:15:58', '2018-03-21 20:00:00', 15);
INSERT INTO `reporte_llamadas` (`id_reporte`, `id_cliente`, `id_tutor`, `id_tematica`, `recomendaciones`, `fecha_registro_s`, `fecha_llamada`, `duracion`) VALUES
(660, 15, 1, 6, '0', '2018-03-26 22:16:32', '2018-03-22 20:00:00', 10),
(661, 15, 1, 16, '0', '2018-03-26 22:18:26', '2018-03-23 22:16:00', 12),
(662, 14, 1, 16, '0', '2018-03-26 22:38:21', '2018-03-26 22:38:00', 0),
(663, 16, 1, 6, '0', '2018-03-26 22:50:59', '2018-03-22 17:45:00', 10),
(664, 16, 1, 6, '0', '2018-03-26 22:51:22', '2018-03-23 22:51:00', 12),
(665, 16, 1, 6, '0', '2018-03-26 22:51:50', '2018-03-26 16:45:00', 10),
(666, 16, 1, 6, '0', '2018-03-26 22:51:51', '2018-03-26 16:45:00', 10),
(667, 21, 1, 3, '0', '2018-03-26 22:59:16', '2018-03-22 17:15:00', 10),
(668, 21, 1, 14, '0', '2018-03-26 22:59:44', '2018-03-23 18:00:00', 10),
(669, 21, 1, 6, 'study the common verbs ', '2018-03-26 23:00:34', '2018-03-26 22:59:00', 10),
(670, 22, 1, 4, '0', '2018-03-26 23:02:07', '2018-03-22 20:45:00', 10),
(671, 22, 1, 16, '0', '2018-03-26 23:06:32', '2018-03-23 20:45:00', 0),
(672, 17, 1, 8, '0', '2018-03-26 23:10:06', '2018-03-21 08:00:00', 10),
(673, 17, 1, 8, '0', '2018-03-26 23:15:16', '2018-03-23 08:00:00', 10),
(674, 17, 1, 6, '0', '2018-03-26 23:16:33', '2018-03-26 08:00:00', 10),
(675, 23, 1, 16, '0', '2018-03-26 23:18:24', '2018-03-22 23:18:00', 0),
(676, 23, 1, 16, '0', '2018-03-26 23:19:17', '2018-03-23 23:18:00', 10),
(677, 24, 1, 4, '0', '2018-03-26 23:29:50', '2018-03-22 23:29:00', 10),
(678, 24, 1, 6, '0', '2018-03-26 23:31:22', '2018-03-23 13:30:00', 10),
(679, 24, 1, 6, '0', '2018-03-26 23:31:41', '2018-03-26 13:30:00', 10),
(680, 18, 1, 9, '0', '2018-03-26 23:33:15', '2018-03-22 14:00:00', 10),
(681, 18, 1, 4, '0', '2018-03-26 23:33:43', '2018-03-23 14:00:00', 10),
(682, 18, 1, 9, '0', '2018-03-26 23:34:09', '2018-03-26 14:00:00', 10),
(683, 25, 1, 2, '0', '2018-03-26 23:41:06', '2018-03-22 23:40:00', 10),
(684, 25, 1, 4, '0', '2018-03-26 23:45:45', '2018-03-23 06:30:00', 10),
(685, 25, 1, 7, '0', '2018-03-26 23:48:39', '2018-03-26 18:00:00', 10),
(686, 22, 1, 4, '0', '2018-03-27 01:56:47', '2018-03-26 20:30:00', 10),
(687, 11, 1, 16, '0', '2018-03-27 03:06:56', '2018-03-26 03:06:00', 0),
(688, 12, 1, 16, '0', '2018-03-27 03:08:13', '2018-03-26 00:00:00', 0),
(689, 25, 1, 4, '0', '2018-03-27 11:46:21', '2018-03-27 06:30:00', 12),
(690, 24, 1, 4, '0', '2018-03-28 00:03:29', '2018-03-27 13:30:00', 10),
(691, 21, 1, 6, '0', '2018-03-28 00:04:26', '2018-03-27 00:04:00', 10),
(692, 18, 1, 6, '0', '2018-03-28 00:05:32', '2018-03-27 14:00:00', 10),
(693, 17, 1, 16, '0', '2018-03-28 00:06:04', '2018-03-27 00:05:00', 0),
(694, 16, 1, 6, '0', '2018-03-28 00:07:33', '2018-03-27 17:45:00', 10),
(695, 14, 1, 16, '0', '2018-03-28 00:08:09', '2018-03-27 00:07:00', 0),
(696, 9, 1, 6, '0', '2018-03-28 00:10:04', '2018-03-27 00:09:00', 10),
(697, 5, 1, 6, '0', '2018-03-28 00:14:57', '2018-03-26 18:00:00', 10),
(698, 22, 1, 11, '0', '2018-03-28 01:58:59', '2018-03-27 20:45:00', 12),
(699, 11, 1, 7, '0', '2018-03-28 03:08:54', '2018-03-27 21:35:00', 12),
(700, 25, 1, 16, '0', '2018-03-28 21:46:24', '2018-03-28 21:46:00', 0),
(701, 24, 1, 4, '0', '2018-03-28 21:47:33', '2018-03-28 13:30:00', 10),
(702, 22, 1, 11, '0', '2018-03-29 02:04:08', '2018-03-28 20:45:00', 12),
(703, 21, 1, 6, '0', '2018-03-29 02:05:27', '2018-03-28 17:15:00', 10),
(704, 18, 1, 7, '0', '2018-03-29 02:06:14', '2018-03-28 13:30:00', 10),
(705, 17, 1, 6, '0', '2018-03-29 02:08:01', '2018-03-28 02:07:00', 5),
(706, 16, 1, 16, '0', '2018-03-29 02:08:40', '2018-03-28 02:08:00', 0),
(707, 9, 1, 7, '0', '2018-03-29 02:10:13', '2018-03-28 07:30:00', 10),
(708, 6, 1, 16, '0', '2018-03-29 02:10:43', '2018-03-26 02:10:00', 0),
(709, 6, 1, 16, '0', '2018-03-29 02:10:58', '2018-03-27 02:10:00', 0),
(710, 6, 1, 6, '0', '2018-03-29 02:11:20', '2018-03-28 02:11:00', 10),
(711, 5, 1, 16, '0', '2018-03-29 02:11:46', '2018-03-27 02:11:00', 0),
(712, 5, 1, 7, 'texting- getting better', '2018-03-29 02:12:13', '2018-03-28 18:00:00', 14),
(713, 11, 1, 7, '0', '2018-03-29 03:42:06', '2018-03-28 21:35:00', 12),
(714, 14, 1, 7, '0', '2018-03-29 03:42:58', '2018-03-28 21:20:00', 12),
(715, 23, 1, 5, '0', '2018-04-02 17:26:08', '2018-04-02 12:00:00', 10),
(716, 5, 1, 6, '0', '2018-04-02 23:27:41', '2018-04-02 18:00:00', 12),
(717, 9, 1, 7, '0', '2018-04-02 23:29:58', '2018-04-02 19:30:00', 12),
(718, 14, 1, 7, '0', '2018-04-02 23:32:02', '2018-04-02 17:30:00', 10),
(719, 25, 1, 16, '0', '2018-04-02 23:45:54', '2018-04-02 23:45:00', 0),
(720, 16, 1, 16, '0', '2018-04-02 23:46:33', '2018-04-02 23:46:00', 0),
(721, 18, 1, 4, '0', '2018-04-03 01:01:37', '2018-04-02 14:00:00', 12),
(722, 17, 1, 2, '0', '2018-04-03 01:27:32', '2018-04-02 01:27:00', 12),
(723, 25, 1, 4, '0', '2018-04-03 15:58:34', '2018-04-03 06:30:00', 12),
(724, 24, 1, 13, '0', '2018-04-03 15:59:12', '2018-04-02 13:30:00', 12),
(725, 23, 1, 16, '0', '2018-04-03 15:59:40', '2018-04-03 15:59:00', 0),
(726, 21, 1, 14, '0', '2018-04-03 16:00:49', '2018-04-02 17:15:00', 10),
(727, 15, 1, 16, 'Cancel the classes in holy week', '2018-04-03 16:03:00', '2018-03-26 16:02:00', 0),
(728, 15, 1, 6, '0', '2018-04-03 16:03:45', '2018-04-02 08:00:00', 12),
(729, 17, 1, 8, 'two words - proof and resuscitation ', '2018-04-03 16:37:25', '2018-04-03 08:00:00', 10),
(730, 13, 1, 16, 'cancel the class for the holy week', '2018-04-03 16:41:19', '2018-03-26 16:40:00', 15),
(731, 13, 1, 7, 'rewatch the video.', '2018-04-03 16:44:11', '2018-04-02 21:20:00', 10),
(732, 11, 1, 7, 'learn a word per day.', '2018-04-03 16:47:06', '2018-04-02 21:35:00', 10),
(733, 9, 1, 4, '0', '2018-04-03 17:15:38', '2018-04-03 07:30:00', 10),
(734, 6, 1, 7, '0', '2018-04-03 17:26:25', '2018-04-02 18:00:00', 10),
(735, 8, 1, 7, '0', '2018-04-03 17:55:05', '2018-04-02 21:50:00', 12),
(736, 7, 1, 16, '0', '2018-04-03 17:57:21', '2018-04-02 17:57:00', 0),
(737, 7, 1, 16, 'cancela sobre el tiempo las clases de semana santa', '2018-04-03 17:57:59', '2018-03-26 17:57:00', 0),
(738, 25, 1, 11, '0', '2018-04-04 15:00:04', '2018-04-04 18:30:00', 10),
(739, 24, 1, 4, '0', '2018-04-04 15:05:24', '2018-04-03 13:30:00', 10),
(740, 21, 1, 2, 'review the past tense, recommendation of study more the verbs in past form tense.', '2018-04-04 15:10:25', '2018-04-03 17:15:00', 10),
(741, 18, 1, 9, '0', '2018-04-04 15:23:17', '2018-04-03 14:00:00', 10),
(742, 17, 1, 4, '0', '2018-04-04 15:24:43', '2018-04-04 20:00:00', 10),
(743, 16, 1, 14, '0', '2018-04-04 15:28:20', '2018-04-03 17:45:00', 10),
(744, 15, 1, 4, '0', '2018-04-04 15:29:18', '2018-04-03 20:00:00', 10),
(745, 14, 1, 16, '0', '2018-04-04 15:30:04', '2018-04-03 15:29:00', 0),
(746, 13, 1, 17, 'watch for last time the video.', '2018-04-04 15:30:52', '2018-04-03 15:30:00', 10),
(747, 12, 1, 4, '0', '2018-04-04 15:31:27', '2018-04-03 22:05:00', 10),
(748, 11, 1, 6, 'using the verb saw', '2018-04-04 15:32:10', '2018-04-03 21:35:00', 10),
(749, 8, 1, 4, '0', '2018-04-04 15:33:43', '2018-04-03 21:50:00', 10),
(750, 7, 1, 16, 'cancel the class due to the politic programme.', '2018-04-04 15:34:31', '2018-04-03 15:34:00', 0),
(751, 6, 1, 6, '0', '2018-04-04 15:35:11', '2018-04-03 18:30:00', 12),
(752, 5, 1, 17, 'phrasal verb Run out of..sth.', '2018-04-04 15:36:54', '2018-04-03 15:35:00', 10),
(753, 26, 1, 1, 'high level, good knowledge ', '2018-04-04 15:52:09', '2018-04-03 20:45:00', 10),
(754, 27, 1, 1, 'introduction of himself - level media', '2018-04-04 15:53:30', '2018-04-03 20:15:00', 10),
(755, 28, 1, 1, '0', '2018-04-04 16:02:35', '2018-04-03 15:50:00', 10),
(756, 27, 1, 6, 'Study W questions', '2018-04-05 01:29:45', '2018-04-04 20:15:00', 11),
(757, 23, 1, 16, '0', '2018-04-05 01:32:32', '2018-04-04 01:32:00', 0),
(758, 21, 1, 5, 'study the verbs in past', '2018-04-05 01:33:35', '2018-04-04 17:15:00', 10),
(759, 18, 1, 4, '0', '2018-04-05 01:40:21', '2018-04-04 13:00:00', 10),
(760, 16, 1, 6, '0', '2018-04-05 01:42:18', '2018-04-04 17:30:00', 10),
(761, 14, 1, 16, '0', '2018-04-05 01:44:23', '2018-04-04 01:42:00', 0),
(762, 26, 1, 6, '0', '2018-04-05 02:01:59', '2018-04-04 08:45:00', 10),
(763, 11, 1, 6, 'the verb of today was:  eat and ate', '2018-04-05 03:10:48', '2018-04-04 03:08:00', 10),
(764, 8, 1, 17, 'closing the last video with conclusions and the new one is: https://www.youtube.com/watch?v=AFxCO_DyzYM ', '2018-04-05 03:20:29', '2018-04-04 21:50:00', 10),
(765, 12, 1, 16, '0', '2018-04-05 03:21:52', '2018-04-04 03:21:00', 0),
(766, 25, 1, 4, '0', '2018-04-05 12:53:48', '2018-04-05 06:30:00', 10),
(767, 9, 1, 6, '0', '2018-04-05 12:54:19', '2018-04-04 07:30:00', 10),
(768, 9, 1, 6, 'study the verbs in past tenses', '2018-04-05 12:55:15', '2018-04-05 07:30:00', 10),
(769, 17, 1, 3, '0', '2018-04-05 13:23:02', '2018-04-05 08:00:00', 12),
(770, 27, 1, 6, '0', '2018-04-06 11:42:09', '2018-04-05 08:15:00', 10),
(771, 15, 1, 4, '0', '2018-04-07 01:03:28', '2018-04-04 20:00:00', 12),
(772, 15, 1, 15, '0', '2018-04-07 01:05:52', '2018-04-05 20:00:00', 10),
(773, 15, 1, 8, '0', '2018-04-07 01:07:53', '2018-04-06 20:00:00', 12),
(774, 29, 1, 1, '0', '2018-04-07 01:10:19', '2018-04-06 19:00:00', 10),
(775, 28, 1, 2, '0', '2018-04-07 01:11:31', '2018-04-06 15:50:00', 20),
(776, 28, 1, 2, '0', '2018-04-07 01:15:37', '2018-04-04 15:50:00', 10),
(777, 28, 1, 1, 'no llamo el tutor ', '2018-04-07 01:18:15', '2018-04-05 01:15:00', 0),
(778, 27, 1, 3, '0', '2018-04-07 01:19:03', '2018-04-06 20:15:00', 10),
(779, 26, 1, 14, '0', '2018-04-07 01:23:28', '2018-04-05 20:45:00', 12),
(780, 25, 1, 14, '0', '2018-04-07 01:24:18', '2018-04-06 06:30:00', 10),
(781, 24, 1, 4, '0', '2018-04-07 01:24:57', '2018-04-04 13:30:00', 10),
(782, 24, 1, 4, '0', '2018-04-07 01:26:10', '2018-04-05 13:30:00', 10),
(783, 24, 1, 16, '0', '2018-04-07 01:26:36', '2018-04-06 01:26:00', 0),
(784, 23, 1, 3, '0', '2018-04-07 01:27:46', '2018-04-05 00:00:00', 10),
(785, 23, 1, 16, 'cancel the call', '2018-04-07 01:31:21', '2018-04-06 00:00:00', 0),
(786, 21, 1, 14, '0', '2018-04-07 01:34:45', '2018-04-05 17:15:00', 10),
(787, 21, 1, 3, '0', '2018-04-07 01:36:09', '2018-04-06 17:15:00', 10),
(788, 18, 1, 9, '0', '2018-04-07 01:42:59', '2018-04-05 20:25:00', 10),
(789, 18, 1, 16, '0', '2018-04-07 01:44:45', '2018-04-06 01:43:00', 0),
(790, 17, 1, 4, '0', '2018-04-07 01:47:28', '2018-04-06 08:00:00', 10),
(791, 16, 1, 16, '0', '2018-04-07 01:49:13', '2018-04-05 05:45:00', 0),
(792, 16, 1, 6, '0', '2018-04-07 01:52:17', '2018-04-06 17:45:00', 10),
(793, 14, 1, 4, '0', '2018-04-07 01:56:53', '2018-04-05 17:30:00', 10),
(794, 14, 1, 16, '0', '2018-04-07 02:02:38', '2018-04-06 01:57:00', 0),
(795, 13, 1, 17, '0', '2018-04-07 02:04:36', '2018-04-04 21:20:00', 10),
(796, 13, 1, 6, '0', '2018-04-07 02:05:12', '2018-04-05 21:20:00', 10),
(797, 12, 1, 4, '0', '2018-04-07 02:06:19', '2018-04-05 22:15:00', 12),
(798, 11, 1, 3, 'study a new verb', '2018-04-07 02:08:20', '2018-04-05 21:35:00', 13),
(799, 9, 1, 4, '0', '2018-04-07 02:10:13', '2018-04-06 07:30:00', 12),
(800, 8, 1, 2, '0', '2018-04-07 02:11:26', '2018-04-05 21:50:00', 10),
(801, 8, 1, 16, '0', '2018-04-07 02:12:29', '2018-04-06 21:50:00', 0),
(802, 7, 1, 8, '0', '2018-04-07 02:17:28', '2018-04-04 20:30:00', 12),
(803, 7, 1, 16, '0', '2018-04-07 02:21:28', '2018-04-05 20:00:00', 0),
(804, 7, 1, 8, '0', '2018-04-07 02:22:21', '2018-04-06 21:20:00', 10),
(805, 13, 1, 6, 'Video interview https://www.youtube.com/watch?v=SADub7W22Zg', '2018-04-07 02:37:49', '2018-04-06 21:20:00', 10),
(806, 11, 1, 16, '0', '2018-04-07 03:08:12', '2018-04-06 03:08:00', 0),
(807, 12, 1, 2, '0', '2018-04-07 03:09:51', '2018-04-06 22:05:00', 10),
(808, 25, 1, 11, '0', '2018-04-09 11:45:29', '2018-04-09 06:30:00', 10),
(809, 9, 1, 4, '0', '2018-04-09 19:51:55', '2018-04-09 07:30:00', 10),
(810, 17, 1, 8, '0', '2018-04-09 20:23:20', '2018-04-09 08:00:00', 10),
(811, 23, 1, 15, '0', '2018-04-09 20:29:31', '2018-04-09 12:00:00', 12),
(812, 24, 1, 2, '0', '2018-04-09 20:30:51', '2018-04-09 13:30:00', 10),
(813, 18, 1, 2, '0', '2018-04-09 20:31:50', '2018-04-09 14:00:00', 12),
(814, 21, 1, 16, '0', '2018-04-09 23:10:34', '2018-04-09 23:10:00', 0),
(815, 16, 1, 11, '0', '2018-04-09 23:12:03', '2018-04-09 17:30:00', 10),
(816, 5, 1, 2, '0', '2018-04-09 23:12:27', '2018-04-04 23:12:00', 10),
(817, 5, 1, 3, '0', '2018-04-09 23:12:42', '2018-04-05 23:12:00', 0),
(818, 5, 1, 16, 'she cancels 10 minutes before the call', '2018-04-09 23:14:33', '2018-04-09 23:13:00', 0),
(819, 14, 1, 16, '0', '2018-04-09 23:17:38', '2018-04-09 23:17:00', 0),
(820, 29, 1, 6, '0', '2018-04-10 00:29:17', '2018-04-10 19:00:00', 10),
(821, 15, 1, 11, '0', '2018-04-10 01:44:31', '2018-04-09 20:00:00', 10),
(822, 7, 1, 9, '0', '2018-04-10 01:45:00', '2018-04-09 20:30:00', 10),
(823, 26, 1, 14, '0', '2018-04-10 03:10:32', '2018-04-06 03:10:00', 10),
(824, 26, 1, 14, '0', '2018-04-10 03:10:50', '2018-04-09 03:10:00', 10),
(825, 13, 1, 17, '0', '2018-04-10 03:11:23', '2018-04-09 21:20:00', 10),
(826, 11, 1, 4, '0', '2018-04-10 03:11:50', '2018-04-09 21:35:00', 12),
(827, 8, 1, 6, '0', '2018-04-10 03:12:29', '2018-04-09 21:50:00', 12),
(828, 12, 1, 16, '0', '2018-04-10 03:12:53', '2018-04-09 03:12:00', 0),
(829, 5, 1, 4, '0', '2018-04-10 16:16:05', '2018-04-10 06:00:00', 20),
(830, 25, 1, 6, '0', '2018-04-10 16:18:28', '2018-04-10 18:30:00', 11),
(831, 17, 1, 6, '0', '2018-04-10 16:27:18', '2018-04-10 07:20:00', 12),
(832, 17, 1, 6, '0', '2018-04-10 16:36:43', '2018-04-10 07:20:00', 12),
(833, 9, 1, 14, '0', '2018-04-10 17:15:36', '2018-04-10 19:30:00', 12),
(834, 23, 1, 11, '0', '2018-04-10 17:28:42', '2018-04-10 12:00:00', 12),
(835, 13, 1, 6, '0', '2018-04-10 18:05:03', '2018-03-21 21:20:00', 10),
(836, 30, 1, 1, 'hablarle despacio  y vocalizado', '2018-04-10 23:57:24', '2018-04-10 17:00:00', 10),
(837, 27, 1, 6, '0', '2018-04-11 01:29:50', '2018-04-09 20:00:00', 10),
(838, 27, 1, 6, '0', '2018-04-11 01:30:17', '2018-04-10 20:15:00', 10),
(839, 15, 1, 16, '0', '2018-04-11 01:36:04', '2018-04-10 20:00:00', 0),
(840, 6, 1, 17, '0', '2018-04-11 01:37:05', '2018-04-04 18:30:00', 10),
(841, 6, 1, 17, '0', '2018-04-11 01:37:26', '2018-04-05 18:30:00', 10),
(842, 6, 1, 17, '0', '2018-04-11 01:37:50', '2018-04-06 18:30:00', 10),
(843, 6, 1, 17, '0', '2018-04-11 01:38:34', '2018-04-09 20:20:00', 10),
(844, 6, 1, 17, '0', '2018-04-11 01:39:05', '2018-04-10 18:30:00', 0),
(845, 16, 1, 14, '0', '2018-04-11 01:40:18', '2018-04-10 17:45:00', 10),
(846, 21, 1, 14, '0', '2018-04-11 01:40:47', '2018-04-10 05:15:00', 10),
(847, 13, 1, 16, '0', '2018-04-11 02:33:42', '2018-04-10 02:33:00', 0),
(848, 11, 1, 6, '0', '2018-04-11 03:10:38', '2018-04-10 21:35:00', 12),
(849, 8, 1, 17, '0', '2018-04-11 03:11:12', '2018-04-10 21:50:00', 15),
(850, 12, 1, 16, '0', '2018-04-11 03:11:44', '2018-04-10 03:11:00', 0),
(851, 30, 1, 11, 'relax in the calls', '2018-04-11 22:17:25', '2018-04-11 17:00:00', 10),
(852, 25, 1, 4, '0', '2018-04-11 23:53:51', '2018-04-11 06:30:00', 12),
(853, 32, 1, 1, 'good fluency!', '2018-04-11 23:56:48', '2018-04-11 07:15:00', 12),
(854, 9, 1, 6, '0', '2018-04-11 23:58:16', '2018-04-11 07:30:00', 12),
(855, 17, 1, 11, '0', '2018-04-12 00:13:03', '2018-04-11 20:00:00', 12),
(856, 23, 1, 16, 'Festivo en Costa Rico', '2018-04-12 00:18:25', '2018-04-11 00:18:00', 0),
(857, 24, 1, 16, '0', '2018-04-12 00:19:03', '2018-04-10 00:18:00', 0),
(858, 24, 1, 4, 'study verbs', '2018-04-12 00:20:27', '2018-04-11 13:30:00', 10),
(859, 18, 1, 4, '0', '2018-04-12 00:20:57', '2018-04-10 14:00:00', 10),
(860, 18, 1, 16, '0', '2018-04-12 00:21:08', '2018-04-11 00:21:00', 0),
(861, 21, 1, 14, '0', '2018-04-12 00:23:22', '2018-04-11 17:15:00', 10),
(862, 6, 1, 15, '0', '2018-04-12 00:24:20', '2018-04-11 17:30:00', 12),
(863, 5, 1, 8, '0', '2018-04-12 00:25:23', '2018-04-11 06:00:00', 12),
(864, 14, 1, 2, '0', '2018-04-12 00:32:59', '2018-04-10 18:15:00', 10),
(865, 14, 1, 2, 'study verbs per day', '2018-04-12 00:34:27', '2018-04-11 18:15:00', 12),
(866, 29, 1, 6, '0', '2018-04-12 00:34:58', '2018-04-11 19:00:00', 12),
(867, 31, 1, 1, 'she has a very good level', '2018-04-12 01:07:11', '2018-04-10 12:00:00', 12),
(868, 31, 1, 14, '0', '2018-04-12 01:08:46', '2018-04-11 19:45:00', 12),
(869, 15, 1, 16, '0', '2018-04-12 01:09:56', '2018-04-11 01:09:00', 0),
(870, 16, 1, 10, '0', '2018-04-12 02:23:37', '2018-04-11 20:30:00', 12),
(871, 13, 1, 16, '0', '2018-04-12 02:35:10', '2018-04-11 02:35:00', 0),
(872, 11, 1, 2, 'study the verb meeting ', '2018-04-12 02:49:06', '2018-04-11 21:35:00', 12),
(873, 8, 1, 5, '0', '2018-04-12 03:08:48', '2018-04-11 21:50:00', 10),
(874, 12, 1, 15, '0', '2018-04-12 03:27:43', '2018-04-11 22:05:00', 13),
(875, 25, 1, 8, '0 ', '2018-04-12 12:18:50', '2018-04-12 06:30:00', 11),
(876, 32, 1, 4, '0', '2018-04-12 12:29:14', '2018-04-12 12:28:00', 12),
(877, 9, 1, 4, 'Study one verb per day ', '2018-04-12 14:14:53', '2018-04-12 07:30:00', 12),
(878, 9, 1, 4, 'Study one verb per day ', '2018-04-12 14:14:54', '2018-04-12 07:30:00', 12),
(879, 17, 1, 4, '0', '2018-04-12 14:15:51', '2018-04-12 08:00:00', 12),
(880, 23, 1, 11, '0', '2018-04-12 18:12:12', '2018-04-12 18:11:00', 10),
(881, 30, 1, 14, '0', '2018-04-12 22:13:30', '2018-04-12 17:00:00', 11),
(882, 21, 1, 14, '0', '2018-04-12 22:28:23', '2018-04-12 17:00:00', 12),
(883, 6, 1, 16, '0', '2018-04-12 22:54:16', '2018-04-12 22:54:00', 0),
(884, 5, 1, 17, 'study the phrasal verbs: run out of, call for, call up, call after, call on, call off.', '2018-04-12 23:37:41', '2018-04-12 18:00:00', 12),
(885, 14, 1, 16, 'busy with a customer.', '2018-04-12 23:38:31', '2018-04-12 23:37:00', 0),
(886, 29, 1, 8, 'some structure and order word needed\r\n', '2018-04-13 01:07:48', '2018-04-12 19:00:00', 10),
(887, 31, 1, 11, '0', '2018-04-13 01:16:53', '2018-04-12 19:45:00', 12),
(888, 27, 1, 14, '0', '2018-04-13 01:17:24', '2018-04-11 20:15:00', 0),
(889, 27, 1, 16, '0', '2018-04-13 01:17:40', '2018-04-12 01:17:00', 0),
(890, 25, 1, 2, '0', '2018-04-13 22:00:32', '2018-04-13 06:30:00', 12),
(891, 8, 1, 4, '0', '2018-04-14 02:53:17', '2018-04-13 21:35:00', 12),
(892, 30, 1, 16, '0', '2018-04-16 22:29:57', '2018-04-13 22:29:00', 0),
(893, 30, 1, 11, '0', '2018-04-16 22:41:57', '2018-04-16 17:00:00', 10),
(894, 21, 1, 6, '0', '2018-04-16 22:42:32', '2018-04-13 17:15:00', 12),
(895, 21, 1, 6, 'study the verbs in past', '2018-04-16 22:44:13', '2018-04-16 17:15:00', 12),
(896, 6, 1, 16, '0', '2018-04-16 22:52:24', '2018-04-13 22:52:00', 0),
(897, 6, 1, 4, '0', '2018-04-16 22:53:12', '2018-04-16 17:30:00', 12),
(898, 16, 1, 14, '0', '2018-04-16 22:54:00', '2018-04-12 18:45:00', 12),
(899, 16, 1, 16, 'cancel the call', '2018-04-16 22:54:22', '2018-04-13 22:54:00', 0),
(900, 16, 1, 10, '0', '2018-04-16 22:56:30', '2018-04-16 17:45:00', 20),
(901, 14, 1, 16, '0', '2018-04-16 23:20:39', '2018-04-13 23:20:00', 0),
(902, 14, 1, 16, '0', '2018-04-16 23:20:52', '2018-04-16 23:20:00', 0),
(903, 25, 1, 6, '0', '2018-04-16 23:26:43', '2018-04-16 06:30:00', 10),
(904, 32, 1, 16, '0', '2018-04-16 23:27:27', '2018-04-13 23:27:00', 0),
(905, 32, 1, 2, '0', '2018-04-16 23:27:50', '2018-04-16 19:15:00', 10),
(906, 9, 1, 4, '0', '2018-04-16 23:28:30', '2018-04-13 19:30:00', 10),
(907, 9, 1, 9, '0', '2018-04-16 23:28:55', '2018-04-16 19:30:00', 12),
(908, 17, 1, 4, '0', '2018-04-17 00:27:25', '2018-04-13 08:00:00', 12),
(909, 17, 1, 5, '0', '2018-04-17 00:27:48', '2018-04-16 08:00:00', 12),
(910, 23, 1, 16, '0', '2018-04-17 00:48:36', '2018-04-13 00:48:00', 0),
(911, 23, 1, 12, '0', '2018-04-17 00:50:16', '2018-04-16 00:00:00', 12),
(912, 24, 1, 13, '0', '2018-04-17 00:50:45', '2018-04-12 13:30:00', 12),
(913, 24, 1, 12, '0', '2018-04-17 00:51:13', '2018-04-13 13:30:00', 12),
(914, 18, 1, 16, '0', '2018-04-17 00:56:55', '2018-04-12 00:56:00', 0),
(915, 18, 1, 16, '0', '2018-04-17 00:57:11', '2018-04-16 00:56:00', 0),
(916, 31, 1, 14, '0', '2018-04-17 00:58:56', '2018-04-13 19:45:00', 12),
(917, 31, 1, 14, '0', '2018-04-17 01:01:12', '2018-04-16 19:45:00', 10),
(918, 27, 1, 16, '0', '2018-04-17 01:41:29', '2018-04-13 01:41:00', 0),
(919, 26, 1, 14, '0', '2018-04-17 02:13:59', '2018-04-10 20:45:00', 12),
(920, 13, 1, 4, '0', '2018-04-17 02:23:39', '2018-04-12 02:23:00', 0),
(921, 13, 1, 16, '0', '2018-04-17 02:23:54', '2018-04-13 02:23:00', 0),
(922, 13, 1, 4, '0', '2018-04-17 02:25:30', '2018-04-16 09:20:00', 10),
(923, 5, 1, 6, '0', '2018-04-17 02:29:48', '2018-04-13 18:00:00', 12),
(924, 5, 1, 16, 'cancel', '2018-04-17 02:30:23', '2018-04-16 02:29:00', 0),
(925, 11, 1, 6, '0', '2018-04-17 02:42:45', '2018-04-12 21:45:00', 12),
(926, 11, 1, 16, '0', '2018-04-17 02:45:57', '2018-04-13 02:45:00', 0),
(927, 11, 1, 16, '0', '2018-04-17 02:46:13', '2018-04-16 02:46:00', 0),
(928, 8, 1, 4, '0', '2018-04-17 02:58:38', '2018-04-16 21:50:00', 12),
(929, 12, 1, 4, '0', '2018-04-17 03:08:58', '2018-04-12 22:05:00', 10),
(930, 12, 1, 10, '0', '2018-04-17 03:09:31', '2018-04-13 22:05:00', 12),
(931, 12, 1, 6, '0', '2018-04-17 03:10:04', '2018-04-16 22:05:00', 12),
(932, 32, 1, 4, '0', '2018-04-17 23:21:24', '2018-04-17 07:15:00', 12),
(933, 30, 1, 16, '0', '2018-04-17 23:22:06', '2018-04-17 23:21:00', 0),
(934, 25, 1, 4, '0', '2018-04-17 23:23:15', '2018-04-17 06:30:00', 10),
(935, 24, 1, 2, '0', '2018-04-17 23:26:21', '2018-04-16 13:24:00', 10),
(936, 23, 1, 15, '0', '2018-04-17 23:27:32', '2018-04-17 00:00:00', 10),
(937, 21, 1, 2, '0', '2018-04-17 23:28:49', '2018-04-17 17:15:00', 10),
(938, 18, 1, 9, '0', '2018-04-17 23:30:28', '2018-04-17 13:00:00', 10),
(939, 17, 1, 4, '0', '2018-04-17 23:31:41', '2018-04-17 08:00:00', 10),
(940, 16, 1, 14, '0', '2018-04-17 23:32:43', '2018-04-17 17:15:00', 12),
(941, 16, 1, 14, '0', '2018-04-17 23:32:56', '2018-04-17 17:15:00', 12),
(942, 32, 1, 16, '0', '2018-04-18 18:52:51', '2018-04-18 18:52:00', 0),
(943, 25, 1, 16, '0', '2018-04-18 18:53:36', '2018-04-18 18:53:00', 0),
(944, 24, 1, 4, '0', '2018-04-18 18:55:42', '2018-04-17 13:30:00', 12),
(945, 23, 1, 13, '0', '2018-04-18 18:57:13', '2018-04-18 12:30:00', 12),
(946, 18, 1, 16, '0', '2018-04-18 18:58:38', '2018-04-18 18:58:00', 0),
(947, 17, 1, 16, '0', '2018-04-18 18:59:45', '2018-04-18 18:59:00', 0),
(948, 30, 1, 16, '0', '2018-04-19 02:01:03', '2018-04-18 02:00:00', 0),
(949, 21, 1, 6, '0', '2018-04-19 02:13:35', '2018-04-18 17:15:00', 10),
(950, 6, 1, 4, '0', '2018-04-19 02:14:02', '2018-04-17 17:30:00', 12),
(951, 6, 1, 4, 'new article about nursing home care.', '2018-04-19 02:16:40', '2018-04-18 17:30:00', 10),
(952, 16, 1, 16, '0', '2018-04-19 02:17:17', '2018-04-18 02:16:00', 0),
(953, 5, 1, 4, '0', '2018-04-19 02:17:49', '2018-04-17 06:00:00', 10),
(954, 5, 1, 16, '0', '2018-04-19 02:18:02', '2018-04-18 02:17:00', 0),
(955, 14, 1, 16, '0', '2018-04-19 02:18:23', '2018-04-17 02:18:00', 0),
(956, 14, 1, 16, '0', '2018-04-19 02:18:40', '2018-04-18 02:18:00', 0),
(957, 29, 1, 8, '0', '2018-04-19 02:19:48', '2018-04-13 07:00:00', 10),
(958, 29, 1, 4, '0', '2018-04-19 02:20:04', '2018-04-16 19:00:00', 12),
(959, 29, 1, 4, '0', '2018-04-19 02:21:19', '2018-04-17 19:00:00', 12),
(960, 29, 1, 4, '0', '2018-04-19 02:21:36', '2018-04-18 21:20:00', 10),
(961, 31, 1, 15, '0', '2018-04-19 02:22:34', '2018-04-17 19:45:00', 10),
(962, 31, 1, 5, '0', '2018-04-19 02:23:02', '2018-04-18 19:45:00', 12),
(963, 15, 1, 16, '0', '2018-04-19 02:23:30', '2018-04-16 02:23:00', 0),
(964, 15, 1, 9, '0', '2018-04-19 02:23:47', '2018-04-17 20:00:00', 12),
(965, 15, 1, 2, 'study verb in past', '2018-04-19 02:24:11', '2018-04-18 20:00:00', 12),
(966, 13, 1, 6, '0', '2018-04-19 02:32:54', '2018-04-17 21:20:00', 10),
(967, 13, 1, 17, '0', '2018-04-19 02:35:28', '2018-04-18 21:20:00', 12),
(968, 11, 1, 16, '0', '2018-04-19 02:41:54', '2018-04-17 02:41:00', 0),
(969, 11, 1, 2, '0', '2018-04-19 02:44:12', '2018-04-18 09:35:00', 12),
(970, 8, 1, 16, '0', '2018-04-19 03:16:04', '2018-04-17 03:15:00', 0),
(971, 8, 1, 5, '0', '2018-04-19 03:16:22', '2018-04-18 21:50:00', 12),
(972, 25, 1, 16, '0', '2018-04-19 11:34:30', '2018-04-19 11:34:00', 0),
(973, 32, 1, 11, '0', '2018-04-19 12:28:30', '2018-04-19 07:15:00', 12),
(974, 9, 1, 2, 'study verbs in past and present ', '2018-04-19 13:02:40', '2018-04-19 13:02:00', 12),
(975, 9, 1, 4, '0', '2018-04-19 13:03:11', '2018-04-17 07:30:00', 12),
(976, 9, 1, 16, '0', '2018-04-19 13:03:24', '2018-04-18 13:03:00', 0),
(977, 17, 1, 2, 'No translate', '2018-04-19 14:09:07', '2018-04-19 08:00:00', 12),
(978, 23, 1, 9, 'cough', '2018-04-19 17:11:49', '2018-04-19 12:00:00', 10),
(979, 30, 1, 11, '0', '2018-04-19 22:17:28', '2018-04-19 17:00:00', 12),
(980, 24, 1, 16, '0', '2018-04-19 22:18:02', '2018-04-18 22:17:00', 0),
(981, 24, 1, 16, '0', '2018-04-19 22:18:12', '2018-04-19 22:18:00', 0),
(982, 18, 1, 16, '0', '2018-04-19 22:20:11', '2018-04-19 22:20:00', 0),
(983, 21, 1, 6, '0', '2018-04-19 22:26:41', '2018-04-19 17:15:00', 12),
(984, 6, 1, 15, '0', '2018-04-19 22:45:01', '2018-04-19 17:30:00', 20),
(985, 5, 1, 17, 'back up ', '2018-04-19 23:14:51', '2018-04-19 22:58:00', 12),
(986, 14, 1, 16, '0', '2018-04-19 23:16:25', '2018-04-19 23:16:00', 0),
(987, 16, 1, 6, '0', '2018-04-19 23:55:31', '2018-04-19 18:45:00', 12),
(988, 29, 1, 9, '0', '2018-04-20 00:08:02', '2018-04-18 19:07:00', 10),
(989, 31, 1, 14, '0', '2018-04-20 01:01:25', '2018-04-19 19:45:00', 12),
(990, 15, 1, 2, '0', '2018-04-20 01:36:41', '2018-04-19 20:00:00', 11),
(991, 27, 1, 6, '0', '2018-04-20 01:46:09', '2018-04-16 01:37:00', 10),
(992, 27, 1, 14, '0', '2018-04-20 01:46:25', '2018-04-17 01:46:00', 10),
(993, 27, 1, 16, '0', '2018-04-20 01:46:55', '2018-04-18 01:46:00', 0),
(994, 27, 1, 14, '0', '2018-04-20 01:47:43', '2018-04-19 19:45:00', 12),
(995, 26, 1, 14, '0', '2018-04-20 01:48:58', '2018-04-11 20:45:00', 10),
(996, 26, 1, 14, '0', '2018-04-20 01:53:15', '2018-04-12 20:45:00', 12),
(997, 26, 1, 16, '0', '2018-04-20 01:55:10', '2018-04-13 01:54:00', 0),
(998, 26, 1, 6, '0', '2018-04-20 01:55:58', '2018-04-16 20:45:00', 10),
(999, 26, 1, 14, '0', '2018-04-20 01:56:18', '2018-04-17 20:45:00', 12),
(1000, 26, 1, 14, '0', '2018-04-20 01:57:19', '2018-04-18 20:45:00', 10),
(1001, 26, 1, 15, '0', '2018-04-20 01:57:49', '2018-04-19 20:45:00', 12),
(1002, 13, 1, 14, '0', '2018-04-20 02:48:09', '2018-04-19 21:20:00', 15),
(1003, 11, 1, 16, '0', '2018-04-20 02:52:54', '2018-04-19 02:49:00', 0),
(1004, 8, 1, 17, '0', '2018-04-20 02:57:40', '2018-04-19 21:50:00', 10),
(1005, 12, 1, 4, '0', '2018-04-20 03:20:54', '2018-04-17 22:05:00', 12),
(1006, 32, 1, 6, '0', '2018-04-20 23:10:33', '2018-04-20 07:15:00', 3),
(1007, 9, 1, 6, '0', '2018-04-20 23:11:00', '2018-04-20 07:30:00', 12),
(1008, 17, 1, 15, '0', '2018-04-20 23:12:58', '2018-04-20 08:00:00', 12),
(1009, 24, 1, 16, '*se fue de viajes y regresa el martes', '2018-04-20 23:13:58', '2018-04-20 23:13:00', 0),
(1010, 18, 1, 16, '0', '2018-04-20 23:15:38', '2018-04-20 23:15:00', 0),
(1011, 23, 1, 16, '0', '2018-04-20 23:20:31', '2018-04-20 23:20:00', 0),
(1012, 30, 1, 14, '0', '2018-04-20 23:21:56', '2018-04-20 17:00:00', 10),
(1013, 21, 1, 15, '0', '2018-04-20 23:22:50', '2018-04-20 17:15:00', 12),
(1014, 6, 1, 16, 'cancel', '2018-04-20 23:25:08', '2018-04-20 23:24:00', 0),
(1015, 16, 1, 16, '0', '2018-04-20 23:26:57', '2018-04-20 23:26:00', 0),
(1016, 5, 1, 9, '0', '2018-04-20 23:28:39', '2018-04-20 18:00:00', 5),
(1017, 14, 1, 16, '0', '2018-04-20 23:32:34', '2018-04-20 23:30:00', 0),
(1018, 29, 1, 4, '0', '2018-04-21 00:19:16', '2018-04-19 19:00:00', 10),
(1019, 29, 1, 12, '0', '2018-04-21 00:19:33', '2018-04-20 19:00:00', 2),
(1020, 31, 1, 14, '0', '2018-04-21 01:02:16', '2018-04-20 19:45:00', 12),
(1021, 15, 1, 6, 'Flowerpot and backyard', '2018-04-21 01:17:06', '2018-04-20 20:00:00', 12),
(1022, 27, 1, 11, '0', '2018-04-21 01:28:27', '2018-04-20 20:15:00', 12),
(1023, 26, 1, 11, '0', '2018-04-21 02:01:19', '2018-04-20 20:45:00', 12),
(1024, 11, 1, 16, '0', '2018-04-21 03:04:48', '2018-04-20 03:04:00', 0),
(1025, 8, 1, 11, '0', '2018-04-21 03:05:07', '2018-04-20 03:04:00', 12),
(1026, 12, 1, 6, '0', '2018-04-21 03:05:40', '2018-04-18 03:05:00', 12),
(1027, 12, 1, 4, '0', '2018-04-21 03:06:22', '2018-04-19 22:05:00', 12),
(1028, 12, 1, 16, 'cancela en ultimo momento', '2018-04-21 03:06:52', '2018-04-20 03:06:00', 0),
(1029, 30, 1, 6, 'verbs in english', '2018-04-23 22:10:47', '2018-04-23 17:00:00', 10),
(1030, 25, 1, 6, '0', '2018-04-23 22:12:57', '2018-04-23 18:30:00', 10),
(1031, 32, 1, 4, '0', '2018-04-23 22:13:32', '2018-04-23 07:15:00', 10),
(1032, 23, 1, 7, '0', '2018-04-23 22:18:52', '2018-04-23 12:00:00', 10),
(1033, 21, 1, 15, '0', '2018-04-23 22:27:38', '2018-04-23 17:15:00', 10),
(1034, 6, 1, 12, '0', '2018-04-23 22:45:40', '2018-04-23 17:30:00', 12),
(1035, 16, 1, 6, '0', '2018-04-23 22:57:28', '2018-04-23 17:45:00', 12),
(1036, 5, 1, 11, '* how did your phone look like?', '2018-04-23 23:37:36', '2018-04-23 18:00:00', 12),
(1037, 18, 1, 9, '0', '2018-04-23 23:59:02', '2018-04-23 14:00:00', 10),
(1038, 31, 1, 11, '0', '2018-04-24 01:16:24', '2018-04-23 19:45:00', 10),
(1039, 15, 1, 4, '0', '2018-04-24 01:19:20', '2018-04-23 20:00:00', 12),
(1040, 26, 1, 14, '0', '2018-04-24 02:08:26', '2018-04-23 20:45:00', 12),
(1041, 13, 1, 12, '0', '2018-04-24 03:34:59', '2018-04-20 09:20:00', 10),
(1042, 13, 1, 7, '0', '2018-04-24 03:35:51', '2018-04-23 21:20:00', 10),
(1043, 11, 1, 4, '0', '2018-04-24 03:36:49', '2018-04-23 21:35:00', 10),
(1044, 8, 1, 4, '0', '2018-04-24 03:37:23', '2018-04-23 21:50:00', 12),
(1045, 12, 1, 16, '0', '2018-04-24 03:37:47', '2018-04-23 03:37:00', 0),
(1046, 30, 1, 6, '0', '2018-04-24 22:15:28', '2018-04-24 17:00:00', 11),
(1047, 21, 1, 14, '0', '2018-04-24 22:26:56', '2018-04-24 17:15:00', 11),
(1048, 6, 1, 15, 'Have more time, for reading ', '2018-04-24 22:48:44', '2018-04-24 17:45:00', 10),
(1049, 16, 1, 14, '0', '2018-04-25 03:08:57', '2018-04-24 17:45:00', 10),
(1050, 5, 1, 6, '0', '2018-04-25 03:18:47', '2018-04-24 18:00:00', 10),
(1051, 29, 1, 6, '0', '2018-04-25 03:27:57', '2018-04-23 19:00:00', 12),
(1052, 29, 1, 14, '0', '2018-04-25 03:29:49', '2018-04-24 19:00:00', 12),
(1053, 31, 1, 14, '0', '2018-04-25 03:37:34', '2018-04-24 19:45:00', 10),
(1054, 15, 1, 12, '0', '2018-04-25 03:38:28', '2018-04-24 20:00:00', 12),
(1055, 27, 1, 6, '0', '2018-04-25 03:49:12', '2018-04-23 08:15:00', 10),
(1056, 27, 1, 10, '0', '2018-04-25 03:50:31', '2018-04-24 08:00:00', 10),
(1057, 25, 1, 4, '0', '2018-04-25 15:36:01', '2018-04-24 06:30:00', 10),
(1058, 25, 1, 6, '0', '2018-04-25 15:37:52', '2018-04-25 06:30:00', 12),
(1059, 32, 1, 7, '0', '2018-04-25 16:00:17', '2018-04-25 07:15:00', 12),
(1060, 32, 1, 16, '0', '2018-04-25 16:05:24', '2018-04-24 16:00:00', 0),
(1061, 26, 1, 14, '0', '2018-04-25 16:31:57', '2018-04-24 20:45:00', 10),
(1062, 23, 1, 16, '0', '2018-04-25 18:14:03', '2018-04-24 18:13:00', 0),
(1063, 18, 1, 16, '0', '2018-04-25 18:51:21', '2018-04-24 18:51:00', 0),
(1064, 17, 1, 15, '0', '2018-04-25 18:51:54', '2018-04-23 08:00:00', 10),
(1065, 17, 1, 16, '0', '2018-04-25 18:52:07', '2018-04-24 18:51:00', 0),
(1066, 17, 1, 4, '0', '2018-04-25 18:52:45', '2018-04-25 08:00:00', 10),
(1067, 13, 1, 17, '0', '2018-04-25 18:57:35', '2018-04-25 21:20:00', 12),
(1068, 12, 1, 16, '0', '2018-04-25 18:58:25', '2018-04-24 18:58:00', 0),
(1069, 11, 1, 11, '0', '2018-04-25 19:01:34', '2018-04-24 18:59:00', 12),
(1070, 30, 1, 16, '0', '2018-04-25 22:29:31', '2018-04-25 22:23:00', 0),
(1071, 21, 1, 14, '0', '2018-04-25 22:42:21', '2018-04-25 22:38:00', 10),
(1072, 6, 1, 12, 'read the article', '2018-04-25 22:43:07', '2018-04-25 17:30:00', 10),
(1073, 16, 1, 7, '0', '2018-04-25 22:57:57', '2018-04-25 17:45:00', 10),
(1074, 26, 1, 15, '0', '2018-04-26 14:31:46', '2018-04-25 20:45:00', 10),
(1075, 15, 1, 16, '0', '2018-04-26 14:32:09', '2018-04-25 14:32:00', 0),
(1076, 31, 1, 16, '0', '2018-04-26 14:32:41', '2018-04-25 14:32:00', 0),
(1077, 23, 1, 16, '0', '2018-04-26 14:33:16', '2018-04-25 14:33:00', 0),
(1078, 25, 1, 11, '0', '2018-04-26 14:35:31', '2018-04-26 06:30:00', 10),
(1079, 32, 1, 6, '0', '2018-04-26 14:36:39', '2018-04-26 07:15:00', 10),
(1080, 9, 1, 6, '0', '2018-04-26 14:37:28', '2018-04-23 07:30:00', 10),
(1081, 9, 1, 6, '0', '2018-04-26 14:37:49', '2018-04-24 07:30:00', 10),
(1082, 9, 1, 4, '0', '2018-04-26 14:38:14', '2018-04-25 07:30:00', 10),
(1083, 9, 1, 4, '0', '2018-04-26 14:39:07', '2018-04-26 07:30:00', 10),
(1084, 31, 1, 10, 'o', '2018-04-27 01:04:37', '2018-04-26 19:45:00', 12),
(1085, 30, 1, 11, '0', '2018-04-27 01:08:38', '2018-04-26 17:00:00', 10),
(1086, 29, 1, 4, '0', '2018-04-27 01:09:29', '2018-04-25 19:00:00', 10),
(1087, 29, 1, 4, '0', '2018-04-27 01:10:08', '2018-04-26 19:00:00', 2),
(1088, 23, 1, 16, 'cancel the call', '2018-04-27 01:12:03', '2018-04-26 12:00:00', 0),
(1089, 15, 1, 9, '0', '2018-04-27 01:17:07', '2018-04-26 20:00:00', 10),
(1090, 27, 1, 6, '0', '2018-04-27 01:18:05', '2018-04-25 20:15:00', 10),
(1091, 27, 1, 6, '0', '2018-04-27 01:32:36', '2018-04-27 20:15:00', 10),
(1092, 27, 1, 6, '0', '2018-04-27 01:51:01', '2018-04-26 20:15:00', 10),
(1093, 26, 1, 14, '0', '2018-04-27 02:05:20', '2018-04-26 20:30:00', 10),
(1094, 13, 1, 17, 'words: grew, partly, coffee table, cachet, world city, ', '2018-04-27 02:33:36', '2018-04-26 21:20:00', 10),
(1095, 11, 1, 16, '0', '2018-04-27 02:37:47', '2018-04-25 02:37:00', 0),
(1096, 11, 1, 5, 'buy, bought ', '2018-04-27 02:47:02', '2018-04-26 21:30:00', 10),
(1097, 8, 1, 17, '0', '2018-04-27 02:56:59', '2018-04-24 21:50:00', 0),
(1098, 8, 1, 5, '0', '2018-04-27 02:57:35', '2018-04-25 21:20:00', 10),
(1099, 8, 1, 16, '0', '2018-04-27 02:57:48', '2018-04-26 02:57:00', 0),
(1100, 12, 1, 16, 'cancel class', '2018-04-27 02:58:28', '2018-04-25 02:58:00', 0),
(1101, 12, 1, 6, '0', '2018-04-27 03:04:41', '2018-04-26 21:50:00', 10),
(1102, 32, 1, 12, '0', '2018-04-30 23:48:35', '2018-04-27 07:15:00', 10),
(1103, 32, 1, 12, '0', '2018-04-30 23:49:12', '2018-04-30 07:15:00', 10),
(1104, 31, 1, 2, '0', '2018-04-30 23:50:54', '2018-04-27 19:45:00', 12),
(1105, 30, 1, 6, '0', '2018-04-30 23:53:33', '2018-04-27 17:00:00', 12),
(1106, 31, 1, 6, '0', '2018-05-01 01:12:32', '2018-04-30 19:45:00', 10),
(1107, 30, 1, 6, '0', '2018-05-01 01:19:45', '2018-04-30 17:00:00', 10),
(1108, 29, 1, 6, '0', '2018-05-01 01:21:05', '2018-04-27 19:00:00', 12),
(1109, 29, 1, 6, '0', '2018-05-01 01:22:30', '2018-04-30 19:00:00', 10),
(1110, 27, 1, 2, '0', '2018-05-01 01:32:10', '2018-04-30 20:15:00', 10),
(1111, 26, 1, 7, '0', '2018-05-01 01:43:45', '2018-04-27 20:45:00', 12),
(1112, 26, 1, 16, '0', '2018-05-01 01:50:47', '2018-04-30 01:43:00', 0),
(1113, 25, 1, 12, '0', '2018-05-01 01:51:41', '2018-04-30 06:30:00', 12),
(1114, 25, 1, 4, '0', '2018-05-01 01:52:42', '2018-04-27 23:30:00', 12),
(1115, 21, 1, 14, '0', '2018-05-01 01:55:43', '2018-04-26 17:15:00', 12),
(1116, 21, 1, 10, '0', '2018-05-01 02:24:14', '2018-04-27 17:15:00', 12),
(1117, 21, 1, 10, '00', '2018-05-01 02:39:34', '2018-04-30 17:15:00', 12),
(1118, 17, 1, 6, '0', '2018-05-01 02:42:13', '2018-04-26 08:00:00', 12),
(1119, 17, 1, 4, '0', '2018-05-01 02:42:42', '2018-04-30 08:00:00', 12),
(1120, 17, 1, 6, '0', '2018-05-01 02:43:13', '2018-04-27 08:00:00', 10),
(1121, 16, 1, 7, '0', '2018-05-01 02:44:00', '2018-04-26 17:45:00', 10),
(1122, 16, 1, 16, '0', '2018-05-01 02:44:29', '2018-04-27 02:44:00', 0),
(1123, 16, 1, 16, '0', '2018-05-01 02:44:42', '2018-04-30 02:44:00', 0),
(1124, 15, 1, 16, '0', '2018-05-01 02:48:14', '2018-04-27 02:48:00', 0),
(1125, 15, 1, 11, '0', '2018-05-01 02:49:38', '2018-04-30 20:00:00', 10),
(1126, 13, 1, 16, '0', '2018-05-01 02:50:15', '2018-04-30 02:50:00', 0),
(1127, 12, 1, 11, '0', '2018-05-01 02:50:43', '2018-04-27 22:05:00', 10),
(1128, 12, 1, 16, '0', '2018-05-01 02:53:54', '2018-04-30 02:53:00', 0),
(1129, 11, 1, 4, '0', '2018-05-01 02:54:24', '2018-04-27 21:35:00', 12),
(1130, 11, 1, 16, '0', '2018-05-01 02:54:44', '2018-04-30 02:54:00', 0),
(1131, 9, 1, 4, '0', '2018-05-01 02:55:49', '2018-04-27 07:30:00', 10),
(1132, 9, 1, 16, '0', '2018-05-01 02:56:01', '2018-04-30 02:55:00', 0),
(1133, 6, 1, 16, '0', '2018-05-01 02:57:40', '2018-04-27 02:56:00', 0),
(1134, 6, 1, 16, '0', '2018-05-01 02:58:01', '2018-04-30 02:57:00', 0),
(1135, 5, 1, 2, '0', '2018-05-01 02:59:18', '2018-04-25 18:00:00', 10),
(1136, 5, 1, 16, '0', '2018-05-01 02:59:35', '2018-04-26 02:59:00', 0),
(1137, 5, 1, 12, '0', '2018-05-01 02:59:51', '2018-04-27 02:59:00', 20),
(1138, 5, 1, 6, '0', '2018-05-01 03:00:10', '2018-04-30 06:00:00', 10),
(1139, 32, 1, 12, '0', '2018-05-05 01:48:31', '2018-05-02 07:30:00', 10),
(1140, 30, 1, 14, 'aplazo miercoles, jueves y viernes por viaje a panama', '2018-05-08 22:28:41', '2018-05-08 17:00:00', 10),
(1141, 14, 1, 16, '0', '2018-05-08 22:41:16', '2018-05-07 22:41:00', 0),
(1142, 14, 1, 16, '0', '2018-05-08 22:41:26', '2018-05-08 22:41:00', 0),
(1143, 32, 1, 16, 'cancelo en último momento ', '2018-05-08 22:43:01', '2018-05-08 22:42:00', 0),
(1144, 21, 1, 14, '0', '2018-05-08 23:17:27', '2018-05-08 18:15:00', 12),
(1145, 23, 1, 16, 'aplazado hasta nueva fecha (3) pts\r\n', '2018-05-08 23:27:04', '2018-05-08 23:26:00', 0),
(1146, 17, 1, 2, '0', '2018-05-08 23:28:44', '2018-05-08 20:00:00', 10),
(1147, 16, 1, 14, '0', '2018-05-08 23:29:29', '2018-05-08 17:45:00', 10),
(1148, 31, 1, 16, '0', '2018-05-09 01:31:53', '2018-05-08 01:31:00', 0),
(1149, 15, 1, 4, '0', '2018-05-09 01:32:40', '2018-05-08 20:00:00', 10),
(1150, 27, 1, 6, '0', '2018-05-09 01:33:26', '2018-05-08 20:15:00', 12),
(1151, 26, 1, 11, '0', '2018-05-09 02:27:24', '2018-05-08 20:45:00', 10),
(1152, 13, 1, 17, '0', '2018-05-09 02:40:43', '2018-05-09 21:20:00', 10),
(1153, 11, 1, 16, '0', '2018-05-09 02:41:07', '2018-05-08 02:41:00', 0),
(1154, 25, 1, 2, 'homework; think and explain his background', '2018-05-09 16:11:09', '2018-05-09 18:30:00', 10),
(1155, 32, 1, 4, 'could', '2018-05-09 16:17:26', '2018-05-09 07:15:00', 10),
(1156, 9, 1, 4, '0', '2018-05-09 16:20:36', '2018-05-09 07:30:00', 10),
(1157, 17, 1, 4, '0', '2018-05-09 16:21:15', '2018-05-09 08:00:00', 10),
(1158, 32, 1, 16, '0', '2018-05-09 18:22:23', '2018-05-02 18:21:00', 0),
(1159, 32, 1, 12, '0', '2018-05-09 18:22:55', '2018-05-03 07:15:00', 10),
(1160, 32, 1, 7, '0', '2018-05-09 18:23:18', '2018-05-04 07:15:00', 10),
(1161, 32, 1, 12, '0', '2018-05-09 18:23:54', '2018-05-07 07:15:00', 10),
(1162, 31, 1, 4, '0', '2018-05-09 18:33:16', '2018-05-02 19:45:00', 8),
(1163, 31, 1, 15, '0', '2018-05-09 18:38:57', '2018-05-03 19:45:00', 10),
(1164, 31, 1, 16, '0', '2018-05-09 18:39:10', '2018-05-04 18:39:00', 0),
(1165, 31, 1, 14, '0', '2018-05-09 18:42:49', '2018-05-07 19:45:00', 10),
(1166, 30, 1, 6, '0', '2018-05-09 18:46:09', '2018-05-02 17:00:00', 10),
(1167, 30, 1, 11, '0', '2018-05-09 18:48:46', '2018-05-03 18:48:00', 10),
(1168, 30, 1, 16, 'No pudo responder, estaba en clase.  el 4 de mayo no tuvo llamada por mala comunicación.', '2018-05-09 18:49:54', '2018-05-07 18:48:00', 2),
(1169, 29, 1, 6, '0', '2018-05-09 18:53:25', '2018-05-02 19:00:00', 10),
(1170, 29, 1, 6, '0', '2018-05-09 18:54:15', '2018-05-03 19:00:00', 10),
(1171, 29, 1, 2, '0', '2018-05-09 18:55:50', '2018-05-04 19:00:00', 10),
(1172, 29, 1, 4, '0', '2018-05-09 18:56:26', '2018-05-07 19:00:00', 10),
(1173, 29, 1, 16, '0', '2018-05-09 18:56:46', '2018-05-08 18:56:00', 0),
(1174, 28, 1, 6, '0', '2018-05-09 19:01:10', '2018-04-09 15:50:00', 10),
(1175, 28, 1, 7, '0', '2018-05-09 19:01:27', '2018-04-10 19:01:00', 10),
(1176, 28, 1, 4, '0', '2018-05-09 19:01:57', '2018-04-11 15:55:00', 10),
(1177, 28, 1, 7, '0', '2018-05-09 19:02:13', '2018-04-12 19:02:00', 10),
(1178, 28, 1, 7, '0', '2018-05-09 19:02:28', '2018-04-13 19:02:00', 10),
(1179, 27, 1, 6, '0', '2018-05-09 19:04:05', '2018-05-02 20:15:00', 10),
(1181, 27, 1, 3, '0', '2018-05-09 19:04:24', '2018-05-03 20:15:00', 10),
(1182, 27, 1, 14, '0', '2018-05-09 19:04:43', '2018-05-04 20:15:00', 10),
(1183, 27, 1, 4, '0', '2018-05-09 19:05:04', '2018-05-07 20:15:00', 10),
(1184, 26, 1, 14, '0', '2018-05-09 19:08:50', '2018-05-02 20:45:00', 10),
(1185, 26, 1, 6, '0', '2018-05-09 19:09:14', '2018-05-03 20:45:00', 10),
(1186, 26, 1, 3, '0', '2018-05-09 19:09:51', '2018-05-04 20:45:00', 10),
(1187, 26, 1, 6, '0', '2018-05-09 19:10:10', '2018-05-07 20:45:00', 10),
(1188, 25, 1, 4, '0', '2018-05-09 19:11:52', '2018-05-02 18:30:00', 10),
(1189, 25, 1, 7, '0', '2018-05-09 19:12:07', '2018-05-03 18:30:00', 10),
(1190, 25, 1, 11, '0', '2018-05-09 19:12:25', '2018-05-04 18:30:00', 10),
(1191, 25, 1, 4, '0', '2018-05-09 19:12:44', '2018-05-07 18:30:00', 10),
(1192, 25, 1, 4, 'verbs in past', '2018-05-09 19:13:14', '2018-05-08 06:30:00', 10),
(1193, 23, 1, 16, '0', '2018-05-09 19:16:21', '2018-04-27 19:16:00', 0),
(1194, 23, 1, 16, '0', '2018-05-09 19:16:35', '2018-04-30 19:16:00', 0),
(1195, 23, 1, 16, '0', '2018-05-09 19:16:50', '2018-05-02 19:16:00', 0),
(1196, 23, 1, 16, '0', '2018-05-09 19:17:04', '2018-05-03 19:16:00', 0),
(1197, 23, 1, 16, '0', '2018-05-09 19:17:18', '2018-05-04 19:17:00', 0),
(1198, 23, 1, 16, '0', '2018-05-09 19:17:34', '2018-05-07 19:17:00', 0),
(1199, 21, 1, 14, '0', '2018-05-09 19:19:32', '2018-05-02 17:15:00', 10),
(1200, 21, 1, 11, '0', '2018-05-09 19:19:46', '2018-05-03 17:15:00', 10),
(1201, 21, 1, 14, '0', '2018-05-09 19:20:05', '2018-05-04 17:15:00', 10),
(1202, 21, 1, 6, '0', '2018-05-09 19:20:26', '2018-05-07 17:15:00', 10),
(1203, 17, 1, 4, '0', '2018-05-09 19:23:24', '2018-05-02 08:00:00', 10),
(1204, 17, 1, 11, '0', '2018-05-09 19:23:51', '2018-05-03 08:00:00', 10),
(1205, 17, 1, 7, '0', '2018-05-09 19:24:17', '2018-05-04 08:00:00', 10),
(1206, 17, 1, 4, '0', '2018-05-09 19:24:39', '2018-05-07 08:00:00', 10),
(1207, 16, 1, 16, 'Aplazada por convivencia ', '2018-05-09 19:25:43', '2018-05-02 19:25:00', 0),
(1208, 16, 1, 14, '0', '2018-05-09 19:26:03', '2018-05-07 17:45:00', 10),
(1209, 15, 1, 6, '0', '2018-05-09 19:26:37', '2018-05-02 20:00:00', 10),
(1210, 15, 1, 4, '0', '2018-05-09 19:26:51', '2018-05-03 20:00:00', 10),
(1211, 15, 1, 6, '0', '2018-05-09 19:27:14', '2018-05-07 20:00:00', 10),
(1212, 15, 1, 16, '0', '2018-05-09 19:27:27', '2018-05-04 19:27:00', 0),
(1213, 13, 1, 7, '0', '2018-05-09 19:28:38', '2018-05-02 20:00:00', 10),
(1214, 13, 1, 4, '0', '2018-05-09 19:28:54', '2018-05-03 20:00:00', 10),
(1215, 13, 1, 6, '0', '2018-05-09 19:29:09', '2018-05-04 20:00:00', 10),
(1216, 13, 1, 14, '0', '2018-05-09 19:29:28', '2018-05-07 20:00:00', 10),
(1217, 13, 1, 17, '0', '2018-05-09 19:29:47', '2018-05-08 19:29:00', 10),
(1218, 12, 1, 6, '0', '2018-05-09 19:31:18', '2018-05-02 22:05:00', 10),
(1219, 21, 1, 4, '0', '2018-05-09 22:33:03', '2018-05-09 17:15:00', 12),
(1220, 16, 1, 8, '0', '2018-05-09 23:02:11', '2018-05-09 17:45:00', 13),
(1221, 5, 1, 6, '0', '2018-05-09 23:24:01', '2018-05-09 18:00:00', 13),
(1222, 5, 1, 6, '0', '2018-05-09 23:25:05', '2018-05-02 06:00:00', 10),
(1223, 5, 1, 4, '0', '2018-05-09 23:26:09', '2018-05-03 06:00:00', 10),
(1224, 5, 1, 2, '0', '2018-05-09 23:27:57', '2018-05-04 06:00:00', 10),
(1225, 5, 1, 6, '0', '2018-05-09 23:29:15', '2018-05-07 06:00:00', 10),
(1226, 5, 1, 16, '0', '2018-05-09 23:30:36', '2018-05-08 23:30:00', 0),
(1227, 11, 1, 16, '0', '2018-05-09 23:32:11', '2018-05-02 23:31:00', 0),
(1228, 11, 1, 5, '0', '2018-05-09 23:32:57', '2018-05-03 09:35:00', 20),
(1229, 11, 1, 4, '0', '2018-05-09 23:33:47', '2018-05-04 21:34:00', 10),
(1230, 11, 1, 6, '0', '2018-05-09 23:35:08', '2018-05-07 21:35:00', 8),
(1231, 29, 1, 4, 'speak slowly ', '2018-05-10 01:10:02', '2018-05-09 19:00:00', 12),
(1232, 31, 1, 7, '0', '2018-05-10 01:11:35', '2018-05-09 19:45:00', 10),
(1233, 9, 1, 4, '0', '2018-05-10 01:13:33', '2018-05-02 07:30:00', 10),
(1234, 9, 1, 2, '0', '2018-05-10 01:15:10', '2018-05-03 07:30:00', 10),
(1235, 9, 1, 6, '0', '2018-05-10 01:16:20', '2018-05-04 07:30:00', 10),
(1236, 9, 1, 2, '0', '2018-05-10 01:17:05', '2018-05-07 07:30:00', 10),
(1237, 9, 1, 16, '0', '2018-05-10 01:21:39', '2018-05-08 01:17:00', 0),
(1238, 6, 1, 4, '0', '2018-05-10 01:22:33', '2018-05-02 18:30:00', 10),
(1239, 6, 1, 4, '0', '2018-05-10 01:22:56', '2018-05-03 18:30:00', 10),
(1240, 6, 1, 7, '0', '2018-05-10 01:23:27', '2018-05-04 18:30:00', 10),
(1241, 6, 1, 12, '0', '2018-05-10 01:23:58', '2018-05-07 18:30:00', 10),
(1242, 6, 1, 16, '0', '2018-05-10 01:24:24', '2018-05-08 01:24:00', 0),
(1243, 6, 1, 16, '0', '2018-05-10 01:28:43', '2018-05-09 01:28:00', 0),
(1244, 27, 1, 16, '0', '2018-05-10 01:58:23', '2018-05-10 01:54:00', 0),
(1245, 11, 1, 4, '0', '2018-05-10 02:51:45', '2018-05-09 02:51:00', 12),
(1246, 32, 1, 16, '0', '2018-05-10 12:30:44', '2018-05-10 12:30:00', 0),
(1247, 9, 1, 13, '0', '2018-05-10 12:43:51', '2018-05-10 07:35:00', 10),
(1248, 17, 1, 6, '0', '2018-05-10 13:43:09', '2018-05-10 13:42:00', 10),
(1249, 14, 1, 16, '0', '2018-05-10 22:37:22', '2018-05-10 22:36:00', 0),
(1250, 21, 1, 4, '0', '2018-05-10 22:38:57', '2018-05-10 18:00:00', 10),
(1251, 5, 1, 17, '0', '2018-05-10 23:28:24', '2018-05-10 18:00:00', 15),
(1252, 6, 1, 16, '0', '2018-05-10 23:43:34', '2018-05-10 23:43:00', 0),
(1253, 16, 1, 14, 'New level, about future and depend on that we can move to the 4th level. that is mixed', '2018-05-11 00:15:30', '2018-05-10 18:45:00', 10),
(1254, 29, 1, 5, '*study the common verbs and preparer the class for tomorrow.', '2018-05-11 00:25:27', '2018-05-10 19:00:00', 10),
(1255, 31, 1, 14, '0', '2018-05-11 00:59:38', '2018-05-10 19:45:00', 10),
(1256, 15, 1, 4, '0', '2018-05-11 01:15:28', '2018-05-10 20:00:00', 12),
(1257, 27, 1, 16, '0', '2018-05-11 01:18:50', '2018-05-09 20:15:00', 0),
(1258, 26, 1, 14, '0', '2018-05-11 01:47:48', '2018-05-09 20:45:00', 10),
(1259, 26, 1, 14, '0', '2018-05-11 02:04:28', '2018-05-10 20:45:00', 15),
(1260, 13, 1, 17, 'app for news and choose one for tomorrow', '2018-05-11 02:34:49', '2018-05-10 21:20:00', 10),
(1261, 11, 1, 4, '*people', '2018-05-11 03:35:26', '2018-05-10 21:20:00', 12),
(1262, 25, 1, 2, '0', '2018-05-11 14:59:53', '2018-05-10 06:30:00', 10),
(1263, 25, 1, 2, '0', '2018-05-11 15:02:48', '2018-05-11 06:30:00', 10),
(1264, 14, 1, 6, '0', '2018-05-11 15:06:15', '2018-05-11 07:45:00', 10),
(1265, 9, 1, 6, '*write a paragraph about the changes in her job. ', '2018-05-11 15:09:09', '2018-05-11 07:30:00', 10),
(1266, 21, 1, 6, 'Auxiliares en futuro ', '2018-05-11 22:29:37', '2018-05-11 17:15:00', 13),
(1267, 16, 1, 5, '0', '2018-05-11 22:57:32', '2018-05-11 17:45:00', 10),
(1268, 5, 1, 16, 'Cancel the call due to the pain in her teeth', '2018-05-11 23:32:05', '2018-05-11 18:00:00', 2),
(1269, 6, 1, 17, '0', '2018-05-12 00:46:34', '2018-05-11 18:30:00', 11),
(1270, 31, 1, 3, '0', '2018-05-12 01:17:46', '2018-05-11 19:45:00', 10),
(1271, 27, 1, 16, '0', '2018-05-12 01:19:26', '2018-05-11 01:18:00', 0),
(1272, 26, 1, 16, '0', '2018-05-12 02:11:34', '2018-05-11 02:10:00', 0),
(1273, 13, 1, 16, '0', '2018-05-12 02:23:01', '2018-05-11 21:20:00', 10),
(1274, 11, 1, 12, '0', '2018-05-12 02:51:48', '2018-05-11 21:35:00', 10),
(1275, 30, 1, 7, '*observaciones: hay que reforzar verbos y estructura.', '2018-05-15 22:13:11', '2018-05-15 17:00:00', 10),
(1276, 21, 1, 11, '*revisar video futuro y poner al día ', '2018-05-15 22:27:25', '2018-05-15 17:15:00', 10),
(1277, 25, 1, 6, '0', '2018-05-15 22:38:57', '2018-05-15 06:30:00', 10),
(1278, 32, 1, 2, '0', '2018-05-15 22:39:37', '2018-05-15 19:15:00', 10),
(1279, 9, 1, 2, '0', '2018-05-15 22:40:12', '2018-05-15 07:30:00', 10),
(1280, 17, 1, 16, '0', '2018-05-15 22:40:51', '2018-05-11 22:40:00', 0),
(1281, 17, 1, 4, 'future', '2018-05-15 22:43:23', '2018-05-15 08:00:00', 10),
(1282, 16, 1, 11, '0', '2018-05-15 22:57:03', '2018-05-15 18:45:00', 10),
(1283, 5, 1, 16, '0', '2018-05-16 00:31:39', '2018-05-15 18:00:00', 0),
(1284, 6, 1, 4, '0', '2018-05-16 00:32:34', '2018-05-15 18:30:00', 10),
(1285, 29, 1, 2, '0', '2018-05-16 00:33:24', '2018-05-11 19:00:00', 10),
(1286, 29, 1, 8, 'very good home work, well done', '2018-05-16 00:34:10', '2018-05-15 19:00:00', 10),
(1287, 31, 1, 16, '0', '2018-05-16 00:51:15', '2018-05-15 07:45:00', 0),
(1288, 15, 1, 16, '0', '2018-05-16 00:51:36', '2018-05-11 00:51:00', 0),
(1289, 15, 1, 9, '*study more verbs', '2018-05-16 01:25:29', '2018-05-15 08:00:00', 10),
(1290, 27, 1, 2, '*study the verbs about feelings and pronouns ', '2018-05-16 01:29:15', '2018-05-15 20:15:00', 10),
(1291, 26, 1, 13, '0', '2018-05-16 03:04:22', '2018-05-15 20:45:00', 14),
(1292, 11, 1, 2, '*study the verbs in present and past tenses.', '2018-05-16 03:05:37', '2018-05-15 21:35:00', 10),
(1293, 32, 1, 15, '0', '2018-05-16 13:42:26', '2018-05-16 07:15:00', 10),
(1294, 25, 1, 4, '0', '2018-05-16 13:43:00', '2018-05-16 06:30:00', 10),
(1295, 9, 1, 17, '*read second paragraph', '2018-05-16 13:44:01', '2018-05-15 07:30:00', 10),
(1296, 17, 1, 4, '0', '2018-05-16 13:44:28', '2018-05-16 08:00:00', 10),
(1297, 14, 1, 16, '0', '2018-05-16 13:45:05', '2018-05-15 07:45:00', 0),
(1298, 14, 1, 6, '*study daily routine', '2018-05-16 13:45:50', '2018-05-16 07:45:00', 10),
(1299, 30, 1, 14, '0', '2018-05-17 22:08:01', '2018-05-16 17:00:00', 10),
(1300, 30, 1, 11, '0', '2018-05-17 22:12:39', '2018-05-17 17:00:00', 10),
(1301, 21, 1, 6, '0', '2018-05-17 22:33:33', '2018-05-17 17:00:00', 10),
(1302, 21, 1, 14, '0', '2018-05-17 22:39:36', '2018-05-16 17:15:00', 10),
(1303, 5, 1, 16, 'cancel call last time', '2018-05-17 23:03:58', '2018-05-16 23:03:00', 0),
(1304, 5, 1, 16, 'call cancelled at last time', '2018-05-17 23:18:22', '2018-05-17 23:04:00', 0),
(1305, 6, 1, 2, '0', '2018-05-17 23:33:02', '2018-05-16 18:30:00', 10),
(1306, 6, 1, 16, '0', '2018-05-17 23:34:01', '2018-05-17 23:33:00', 0),
(1307, 29, 1, 4, '0', '2018-05-18 00:23:32', '2018-05-16 19:00:00', 10),
(1308, 29, 1, 8, '0', '2018-05-18 00:23:50', '2018-05-17 19:00:00', 10),
(1309, 15, 1, 4, '0', '2018-05-18 00:48:19', '2018-05-17 20:00:00', 12),
(1310, 31, 1, 14, '0', '2018-05-18 01:12:13', '2018-05-16 19:45:00', 10),
(1311, 31, 1, 15, '0', '2018-05-18 01:15:49', '2018-05-17 19:45:00', 10),
(1312, 27, 1, 6, '0', '2018-05-18 01:16:54', '2018-05-16 20:15:00', 10),
(1313, 27, 1, 5, '0', '2018-05-18 01:24:17', '2018-05-17 20:15:00', 10),
(1314, 26, 1, 14, '0', '2018-05-18 01:47:42', '2018-05-16 20:45:00', 10),
(1315, 26, 1, 4, '0', '2018-05-18 02:08:00', '2018-05-17 20:45:00', 10),
(1316, 11, 1, 4, '0', '2018-05-18 02:44:41', '2018-05-17 21:35:00', 10),
(1317, 25, 1, 14, '0', '2018-05-18 02:45:14', '2018-05-17 06:30:00', 10),
(1318, 32, 1, 15, '0', '2018-05-18 02:46:09', '2018-05-17 07:15:00', 10),
(1319, 9, 1, 17, '0', '2018-05-18 02:46:33', '2018-05-16 02:46:00', 10),
(1320, 9, 1, 16, '0', '2018-05-18 02:46:44', '2018-05-17 02:46:00', 0),
(1321, 14, 1, 16, '0', '2018-05-18 02:47:11', '2018-05-17 02:47:00', 0),
(1322, 17, 1, 16, 'cancel the call at last time', '2018-05-18 02:47:42', '2018-05-17 02:47:00', 0),
(1323, 25, 1, 16, 'cancel the call last time.', '2018-05-19 01:31:12', '2018-05-18 01:30:00', 0),
(1324, 32, 1, 16, 'cancel the call last time\r\n', '2018-05-19 01:38:07', '2018-05-18 01:37:00', 0),
(1325, 9, 1, 17, '0', '2018-05-19 01:44:37', '2018-05-18 19:30:00', 10),
(1326, 14, 1, 16, '0', '2018-05-19 01:47:15', '2018-05-18 01:47:00', 0),
(1327, 17, 1, 15, '0', '2018-05-19 01:48:07', '2018-05-18 08:00:00', 7),
(1328, 30, 1, 6, '0', '2018-05-19 01:50:37', '2018-05-18 17:00:00', 10),
(1329, 21, 1, 14, '0', '2018-05-19 01:51:39', '2018-05-18 17:15:00', 10),
(1330, 16, 1, 14, '0', '2018-05-19 01:52:08', '2018-05-16 17:45:00', 10);
INSERT INTO `reporte_llamadas` (`id_reporte`, `id_cliente`, `id_tutor`, `id_tematica`, `recomendaciones`, `fecha_registro_s`, `fecha_llamada`, `duracion`) VALUES
(1331, 16, 1, 6, '0', '2018-05-19 01:52:41', '2018-05-17 17:45:00', 10),
(1332, 16, 1, 11, '0', '2018-05-19 01:54:19', '2018-05-18 17:45:00', 10),
(1333, 5, 1, 16, '0', '2018-05-19 01:55:28', '2018-05-18 18:00:00', 10),
(1334, 6, 1, 17, '0', '2018-05-19 01:56:09', '2018-05-18 18:30:00', 10),
(1335, 29, 1, 16, 'cancel the call for class', '2018-05-19 02:01:02', '2018-05-18 01:59:00', 0),
(1336, 31, 1, 6, '0', '2018-05-19 03:03:55', '2018-05-22 19:00:00', 10),
(1337, 15, 1, 9, '0', '2018-05-19 03:09:39', '2018-05-18 20:00:00', 10),
(1338, 27, 1, 6, '0', '2018-05-19 03:10:42', '2018-05-18 20:15:00', 10),
(1339, 26, 1, 12, '0', '2018-05-19 03:15:18', '2018-05-18 20:45:00', 10),
(1340, 11, 1, 16, '0', '2018-05-19 03:17:07', '2018-05-18 03:15:00', 0),
(1341, 30, 1, 16, 'english class', '2018-05-21 22:18:10', '2018-05-21 17:00:00', 10),
(1342, 21, 1, 14, '*dunk, encestar', '2018-05-21 22:28:38', '2018-05-21 17:15:00', 10),
(1343, 16, 1, 16, '0', '2018-05-21 22:59:58', '2018-05-21 22:59:00', 0),
(1344, 5, 1, 9, 'an injury and bond', '2018-05-21 23:17:26', '2018-05-21 18:00:00', 10),
(1345, 6, 1, 6, '0', '2018-05-22 23:45:08', '2018-05-22 18:30:00', 10),
(1346, 6, 1, 4, '0', '2018-05-22 23:46:50', '2018-05-21 19:00:00', 10),
(1347, 32, 1, 16, '0', '2018-05-22 23:52:55', '2018-05-21 23:52:00', 0),
(1348, 32, 1, 16, '0', '2018-05-22 23:53:09', '2018-05-22 23:53:00', 0),
(1349, 5, 1, 4, '0', '2018-05-22 23:56:45', '2018-05-22 18:00:00', 10),
(1350, 16, 1, 16, '0', '2018-05-22 23:57:10', '2018-05-22 23:57:00', 0),
(1351, 29, 1, 16, '0', '2018-05-23 00:03:10', '2018-05-21 07:00:00', 10),
(1352, 29, 1, 14, '*with you', '2018-05-23 00:12:40', '2018-05-22 19:00:00', 10),
(1353, 31, 1, 14, '0', '2018-05-23 01:18:17', '2018-05-21 19:45:00', 10),
(1354, 27, 1, 16, '0', '2018-05-23 01:18:38', '2018-05-21 01:18:00', 0),
(1355, 27, 1, 16, '0', '2018-05-23 01:18:52', '2018-05-22 01:18:00', 0),
(1356, 15, 1, 6, '0', '2018-05-23 01:46:57', '2018-05-21 20:00:00', 10),
(1357, 15, 1, 16, '0', '2018-05-23 01:47:16', '2018-05-22 01:47:00', 0),
(1358, 26, 1, 14, '0', '2018-05-23 02:03:11', '2018-05-22 21:00:00', 10),
(1359, 26, 1, 14, '0', '2018-05-23 02:03:55', '2018-05-21 20:45:00', 10),
(1360, 25, 1, 16, '0', '2018-05-24 02:25:53', '2018-05-21 02:25:00', 0),
(1361, 25, 1, 4, '0', '2018-05-24 02:26:46', '2018-05-22 06:30:00', 10),
(1362, 25, 1, 6, '0', '2018-05-24 02:27:02', '2018-05-23 06:30:00', 10),
(1363, 32, 1, 15, '0', '2018-05-24 02:27:37', '2018-05-23 07:15:00', 10),
(1364, 9, 1, 4, '0', '2018-05-24 02:28:02', '2018-05-21 07:30:00', 10),
(1365, 9, 1, 17, '0', '2018-05-24 02:28:24', '2018-05-22 07:30:00', 10),
(1366, 9, 1, 6, '0', '2018-05-24 02:29:21', '2018-05-23 07:30:00', 10),
(1367, 14, 1, 16, '0', '2018-05-24 02:29:40', '2018-05-21 02:29:00', 0),
(1368, 14, 1, 4, '0', '2018-05-24 02:29:56', '2018-05-22 07:45:00', 10),
(1369, 14, 1, 4, '0', '2018-05-24 02:30:10', '2018-05-23 07:45:00', 10),
(1370, 17, 1, 4, '0', '2018-05-24 02:30:34', '2018-05-21 08:00:00', 10),
(1371, 17, 1, 6, '0', '2018-05-24 02:31:15', '2018-05-22 08:00:00', 10),
(1372, 17, 1, 12, '0', '2018-05-24 02:31:38', '2018-05-23 08:00:00', 10),
(1373, 30, 1, 6, '0', '2018-05-24 02:34:28', '2018-05-22 17:00:00', 10),
(1374, 30, 1, 14, '0', '2018-05-24 02:40:10', '2018-05-23 17:00:00', 10),
(1375, 21, 1, 14, '0', '2018-05-24 02:40:47', '2018-05-22 05:15:00', 10),
(1376, 21, 1, 6, '0', '2018-05-24 02:41:54', '2018-05-23 17:15:00', 10),
(1377, 16, 1, 16, '0', '2018-05-24 02:42:18', '2018-05-23 02:42:00', 0),
(1378, 5, 1, 16, '0', '2018-05-24 02:42:56', '2018-05-23 02:42:00', 0),
(1379, 6, 1, 17, '0', '2018-05-24 02:43:56', '2018-05-23 18:30:00', 10),
(1380, 29, 1, 1, '0', '2018-05-24 02:44:40', '2018-05-23 19:00:00', 10),
(1381, 31, 1, 16, '0', '2018-05-24 02:45:08', '2018-05-23 02:44:00', 0),
(1382, 27, 1, 16, '0', '2018-05-24 02:45:26', '2018-05-23 02:45:00', 0),
(1383, 26, 1, 16, '0', '2018-05-24 02:45:48', '2018-05-23 02:45:00', 0),
(1384, 11, 1, 4, '0', '2018-05-24 02:46:42', '2018-05-21 02:46:00', 10),
(1385, 11, 1, 16, '0', '2018-05-24 02:46:52', '2018-05-22 02:46:00', 0),
(1386, 30, 1, 6, '0', '2018-05-24 22:19:52', '2018-05-24 17:00:00', 10),
(1387, 21, 1, 17, '*restudy', '2018-05-24 22:26:05', '2018-05-24 17:15:00', 10),
(1388, 25, 1, 6, '0', '2018-05-24 22:43:39', '2018-05-24 18:30:00', 10),
(1389, 32, 1, 16, '0', '2018-05-24 22:59:00', '2018-05-24 22:58:00', 0),
(1390, 6, 1, 4, '0', '2018-05-24 22:59:47', '2018-05-24 18:30:00', 10),
(1391, 14, 1, 16, '0', '2018-05-24 23:00:12', '2018-05-24 23:00:00', 0),
(1392, 5, 1, 16, '0', '2018-05-24 23:15:53', '2018-05-24 18:00:00', 0),
(1393, 17, 1, 6, '0', '2018-05-25 00:02:20', '2018-05-24 18:15:00', 10),
(1394, 29, 1, 4, '0', '2018-05-25 00:19:15', '2018-05-24 19:00:00', 10),
(1395, 31, 1, 14, '0', '2018-05-25 00:50:53', '2018-05-24 19:45:00', 10),
(1396, 15, 1, 2, '0', '2018-05-25 01:10:36', '2018-05-24 20:00:00', 10),
(1397, 27, 1, 2, '0', '2018-05-25 02:13:17', '2018-05-24 20:15:00', 10),
(1398, 26, 1, 16, '0', '2018-05-25 02:23:03', '2018-05-24 02:22:00', 0),
(1399, 30, 1, 16, 'cancel due to the English calls', '2018-05-25 22:09:33', '2018-05-25 18:00:00', 2),
(1400, 21, 1, 6, ' *I play what he wants.', '2018-05-25 22:26:19', '2018-05-25 17:15:00', 10),
(1401, 16, 1, 16, '0', '2018-05-25 22:55:10', '2018-05-24 22:55:00', 0),
(1402, 5, 1, 16, '0', '2018-05-25 23:50:54', '2018-05-25 18:15:00', 0),
(1403, 6, 1, 16, '0', '2018-05-25 23:58:58', '2018-05-25 23:58:00', 0),
(1404, 29, 1, 4, '* siente que ha avanzado y no le da miedo hablar.', '2018-05-26 00:45:36', '2018-05-25 19:00:00', 10),
(1405, 31, 1, 11, '0', '2018-05-26 00:58:37', '2018-05-25 19:45:00', 10),
(1406, 15, 1, 6, '0', '2018-05-26 01:10:32', '2018-05-25 20:00:00', 10),
(1407, 26, 1, 6, '0', '2018-05-26 02:07:34', '2018-05-25 20:45:00', 12),
(1408, 30, 1, 6, '*study the past verbs', '2018-05-28 22:12:38', '2018-05-28 17:00:00', 10),
(1409, 21, 1, 14, 'tongue twister ', '2018-05-28 22:32:45', '2018-05-28 17:15:00', 10),
(1410, 16, 1, 6, '0', '2018-05-28 22:57:33', '2018-05-28 17:45:00', 10),
(1411, 6, 1, 4, '* read articles that help him to improve his pronunciation.\r\nhomework: to listen English - to read aloud when he has a chance and voice record.\r\n', '2018-05-28 23:52:39', '2018-05-28 18:30:00', 16),
(1412, 29, 1, 6, '0', '2018-05-29 00:51:30', '2018-05-28 19:00:00', 10),
(1413, 15, 1, 9, '*pre-existence * septum ', '2018-05-29 01:16:51', '2018-05-28 20:00:00', 10),
(1414, 27, 1, 6, '0', '2018-05-29 01:17:49', '2018-05-25 20:15:00', 10),
(1415, 27, 1, 16, '0', '2018-05-29 01:41:32', '2018-05-28 20:15:00', 0),
(1416, 26, 1, 6, '0', '2018-05-29 02:23:21', '2018-05-28 20:45:00', 10),
(1417, 11, 1, 16, 'cancel the call', '2018-05-29 02:44:25', '2018-05-28 21:35:00', 2),
(1418, 30, 1, 14, '* study the verbs in past', '2018-05-29 22:12:41', '2018-05-29 17:00:00', 10),
(1419, 21, 1, 14, '* two words chuck- arrojar\r\nJulieta Acevedo: wood - madera', '2018-05-29 22:28:37', '2018-05-29 17:15:00', 10),
(1420, 26, 1, 12, '0', '2018-05-29 23:36:21', '2018-05-29 18:34:00', 10),
(1421, 6, 1, 4, '0', '2018-05-30 00:04:46', '2018-05-29 18:30:00', 10),
(1422, 29, 1, 6, '* planning the call before.', '2018-05-30 00:11:55', '2018-05-29 19:00:00', 10),
(1423, 31, 1, 16, 'cancel the call for a trip- Pls recover the time tomorrow\r\n ', '2018-05-30 00:28:29', '2018-05-28 00:27:00', 0),
(1424, 11, 1, 9, '0', '2018-05-30 02:51:40', '2018-05-29 09:30:00', 10),
(1425, 21, 1, 17, '0', '2018-05-31 22:41:45', '2018-05-31 17:15:00', 10),
(1426, 30, 1, 6, '0', '2018-05-31 22:43:13', '2018-05-31 17:00:00', 10),
(1427, 30, 1, 6, '0', '2018-05-31 22:43:40', '2018-05-30 17:00:00', 10),
(1428, 21, 1, 14, '0', '2018-05-31 22:44:53', '2018-05-30 17:15:00', 10),
(1429, 6, 1, 16, 'cancelo con anticipación.', '2018-05-31 23:47:08', '2018-05-30 23:46:00', 0),
(1430, 6, 1, 6, '*read the article.', '2018-05-31 23:50:21', '2018-05-31 23:47:00', 10),
(1431, 16, 1, 17, '0', '2018-06-01 00:00:09', '2018-05-29 17:45:00', 10),
(1432, 16, 1, 16, '0', '2018-06-01 00:00:29', '2018-05-30 00:00:00', 0),
(1433, 16, 1, 6, '0', '2018-06-01 00:02:23', '2018-05-31 18:45:00', 10),
(1434, 29, 1, 16, '0', '2018-06-01 00:10:11', '2018-05-30 00:03:00', 0),
(1435, 29, 1, 6, '0', '2018-06-01 00:10:43', '2018-05-31 19:00:00', 10),
(1436, 25, 1, 6, '0', '2018-06-01 00:30:30', '2018-05-29 18:30:00', 10),
(1437, 25, 1, 6, '0', '2018-06-01 00:31:39', '2018-05-28 18:30:00', 10),
(1438, 25, 1, 6, '0', '2018-06-01 00:31:59', '2018-05-30 06:30:00', 10),
(1439, 25, 1, 6, '0', '2018-06-01 00:35:12', '2018-05-31 06:30:00', 10),
(1440, 32, 1, 6, '0', '2018-06-01 00:36:25', '2018-05-25 07:15:00', 10),
(1441, 32, 1, 6, '0', '2018-06-01 00:55:46', '2018-05-28 07:15:00', 10),
(1442, 32, 1, 16, '0', '2018-06-01 00:56:02', '2018-05-29 00:55:00', 0),
(1443, 32, 1, 16, '0', '2018-06-01 00:58:59', '2018-05-30 07:00:00', 0),
(1444, 32, 1, 16, '0', '2018-06-01 00:58:59', '2018-05-30 07:00:00', 0),
(1445, 32, 1, 16, '0', '2018-06-01 00:59:20', '2018-05-31 00:59:00', 0),
(1446, 9, 1, 17, '0', '2018-06-01 01:00:28', '2018-05-24 07:30:00', 10),
(1447, 9, 1, 17, '0', '2018-06-01 01:00:57', '2018-05-25 07:30:00', 10),
(1448, 9, 1, 16, '0', '2018-06-01 01:01:16', '2018-05-28 01:01:00', 0),
(1449, 9, 1, 16, '0', '2018-06-01 01:01:28', '2018-05-29 01:01:00', 0),
(1450, 9, 1, 17, '0', '2018-06-01 01:01:59', '2018-05-30 07:30:00', 10),
(1451, 9, 1, 17, '0', '2018-06-01 01:02:19', '2018-05-31 07:30:00', 10),
(1452, 14, 1, 16, '0', '2018-06-01 01:04:04', '2018-05-25 01:03:00', 0),
(1453, 14, 1, 6, '0', '2018-06-01 01:04:26', '2018-05-28 07:45:00', 10),
(1454, 14, 1, 6, '0', '2018-06-01 01:04:45', '2018-05-29 07:30:00', 10),
(1455, 14, 1, 6, '0', '2018-06-01 01:05:02', '2018-05-30 01:04:00', 10),
(1456, 14, 1, 16, '0', '2018-06-01 01:05:33', '2018-05-31 01:05:00', 0),
(1457, 17, 1, 6, '0', '2018-06-01 01:11:57', '2018-05-25 08:00:00', 10),
(1458, 17, 1, 2, '0', '2018-06-01 01:12:28', '2018-05-28 08:00:00', 10),
(1459, 17, 1, 6, '0', '2018-06-01 01:12:45', '2018-05-29 08:00:00', 10),
(1460, 17, 1, 4, '0', '2018-06-01 01:13:00', '2018-05-30 08:00:00', 10),
(1461, 17, 1, 7, '0', '2018-06-01 01:13:21', '2018-05-31 08:00:00', 10),
(1462, 27, 1, 16, '0', '2018-06-01 01:14:23', '2018-05-29 01:14:00', 0),
(1463, 27, 1, 6, '0', '2018-06-01 01:14:45', '2018-05-30 20:15:00', 10),
(1464, 27, 1, 16, '0', '2018-06-01 01:19:36', '2018-05-31 01:19:00', 0),
(1465, 15, 1, 4, '0', '2018-06-01 01:24:20', '2018-05-29 20:00:00', 10),
(1466, 15, 1, 16, '0', '2018-06-01 01:24:34', '2018-05-30 01:24:00', 0),
(1467, 15, 1, 16, '0', '2018-06-01 01:24:44', '2018-05-31 01:24:00', 0),
(1468, 15, 1, 4, '0', '2018-06-02 01:18:28', '2018-06-01 20:00:00', 10),
(1469, 27, 1, 11, '0', '2018-06-02 01:23:57', '2018-06-01 20:15:00', 10),
(1470, 26, 1, 6, '0', '2018-06-02 01:27:37', '2018-05-30 20:45:00', 10),
(1471, 26, 1, 12, '0', '2018-06-02 01:28:09', '2018-05-31 20:15:00', 10),
(1472, 26, 1, 6, '* se decide por los phrasal verbs', '2018-06-02 01:46:19', '2018-06-01 20:45:00', 10),
(1473, 32, 1, 16, '0', '2018-06-02 02:19:48', '2018-06-01 02:19:00', 0),
(1474, 31, 1, 7, '0', '2018-06-02 02:21:58', '2018-05-31 19:45:00', 10),
(1475, 31, 1, 7, '0', '2018-06-02 02:26:33', '2018-05-29 19:45:00', 10),
(1476, 31, 1, 16, 'cancel on time\r\n', '2018-06-02 02:28:06', '2018-06-01 02:27:00', 0),
(1477, 30, 1, 16, '0', '2018-06-02 02:29:03', '2018-06-01 02:28:00', 0),
(1478, 29, 1, 8, '0', '2018-06-02 02:31:35', '2018-06-01 19:00:00', 10),
(1479, 17, 1, 16, '0', '2018-06-02 02:39:10', '2018-06-01 02:38:00', 0),
(1480, 16, 1, 16, '0', '2018-06-02 02:42:01', '2018-06-01 02:40:00', 10),
(1481, 11, 1, 16, '0', '2018-06-02 02:46:13', '2018-05-30 02:45:00', 0),
(1482, 11, 1, 16, '0', '2018-06-02 02:46:32', '2018-05-31 02:46:00', 0),
(1483, 9, 1, 16, '0', '2018-06-02 02:47:57', '2018-06-01 02:47:00', 0),
(1484, 6, 1, 15, 'o', '2018-06-02 02:50:07', '2018-06-01 18:00:00', 10),
(1485, 5, 1, 6, '0', '2018-06-02 02:53:45', '2018-05-28 18:00:00', 10),
(1486, 5, 1, 4, '0', '2018-06-02 02:54:35', '2018-05-29 18:00:00', 10),
(1487, 5, 1, 16, '0', '2018-06-02 02:56:03', '2018-05-30 06:00:00', 0),
(1488, 5, 1, 16, '0', '2018-06-02 02:58:11', '2018-06-01 00:00:00', 0),
(1489, 30, 1, 6, '0', '2018-06-05 22:37:05', '2018-06-05 17:00:00', 10),
(1490, 21, 1, 6, 'Aplazar por un mes porque que quiere disfrutar de las vacaciones.Recomendado estudiar verbos en pasado', '2018-06-05 22:51:35', '2018-06-01 17:15:00', 10),
(1491, 25, 1, 6, '0', '2018-06-05 23:34:23', '2018-06-01 18:30:00', 10),
(1492, 25, 1, 16, '0', '2018-06-05 23:34:58', '2018-06-05 06:30:00', 10),
(1493, 20, 1, 4, '0', '2018-06-05 23:35:33', '2018-06-05 07:00:00', 10),
(1494, 32, 1, 15, '0', '2018-06-05 23:36:24', '2018-06-05 07:15:00', 10),
(1495, 14, 1, 16, '0', '2018-06-05 23:36:45', '2018-06-01 23:36:00', 0),
(1496, 14, 1, 16, '0', '2018-06-05 23:36:54', '2018-06-05 23:36:00', 0),
(1497, 17, 1, 7, '0', '2018-06-05 23:37:23', '2018-06-05 08:00:00', 10),
(1498, 2, 1, 4, '0', '2018-06-05 23:39:57', '2018-06-05 08:30:00', 15),
(1499, 19, 1, 16, '0', '2018-06-05 23:40:20', '2018-06-05 23:40:00', 0),
(1500, 31, 1, 5, '0', '2018-06-05 23:41:03', '2018-06-05 14:00:00', 10),
(1501, 16, 1, 10, '0', '2018-06-05 23:43:33', '2018-06-05 17:45:00', 10),
(1502, 34, 1, 1, '0', '2018-06-06 00:03:14', '2018-06-05 18:45:00', 10),
(1503, 33, 1, 1, '0', '2018-06-06 00:04:04', '2018-06-01 06:15:00', 10),
(1504, 33, 1, 12, '0', '2018-06-06 00:05:22', '2018-06-05 18:15:00', 10),
(1505, 29, 1, 8, '0', '2018-06-06 00:12:28', '2018-06-05 19:00:00', 10),
(1506, 30, 1, 16, 'cancelada', '2018-06-06 17:04:28', '2018-06-06 17:00:00', 2),
(1507, 16, 1, 14, '*', '2018-06-06 18:04:14', '2018-06-06 17:45:00', 10),
(1508, 33, 1, 6, 'erro= superlativos y comparativos', '2018-06-06 18:28:59', '2018-06-06 18:15:00', 10),
(1509, 34, 1, 11, '*vocabulary', '2018-06-06 18:58:12', '2018-06-06 18:45:00', 10),
(1510, 29, 1, 7, '* simple sentences.', '2018-06-06 19:13:09', '2018-06-06 19:00:00', 10),
(1511, 1, 1, 4, 'pronouns', '2018-06-06 21:36:52', '2018-06-06 21:20:00', 10),
(1512, 11, 1, 16, '0', '2018-06-06 21:37:18', '2018-06-01 21:37:00', 0),
(1513, 11, 1, 16, '0', '2018-06-06 21:37:31', '2018-06-05 21:37:00', 0),
(1514, 11, 1, 6, 'auxiliary verbs', '2018-06-06 22:02:30', '2018-06-06 21:35:00', 10),
(1515, 30, 1, 14, 'More vocabulary ', '2018-06-07 17:06:23', '2018-06-07 17:00:00', 10),
(1516, 32, 1, 15, '0', '2018-06-08 07:17:07', '2018-06-06 07:15:00', 10),
(1517, 32, 1, 15, '0', '2018-06-08 07:17:37', '2018-06-07 07:15:00', 10),
(1518, 32, 1, 16, '*Can not talk', '2018-06-08 07:18:36', '2018-06-08 07:15:00', 10),
(1519, 9, 1, 4, '0', '2018-06-08 07:44:38', '2018-06-05 07:30:00', 10),
(1520, 9, 1, 17, '0', '2018-06-08 07:44:57', '2018-06-06 07:30:00', 10),
(1521, 9, 1, 17, '0', '2018-06-08 07:45:26', '2018-06-07 07:45:00', 10),
(1522, 9, 1, 17, '0', '2018-06-08 07:45:45', '2018-06-08 07:30:00', 10),
(1523, 14, 1, 6, '0', '2018-06-08 07:46:22', '2018-06-07 07:45:00', 10),
(1524, 14, 1, 6, '0', '2018-06-08 07:46:22', '2018-06-06 07:45:00', 10),
(1525, 14, 1, 8, 'Feed back! new level.', '2018-06-08 07:48:47', '2018-06-08 07:45:00', 10),
(1526, 17, 1, 4, '0', '2018-06-08 08:05:05', '2018-06-06 08:00:00', 10),
(1527, 17, 1, 8, '0', '2018-06-08 08:05:36', '2018-06-07 08:00:00', 10),
(1528, 17, 1, 6, 'Feed back!', '2018-06-08 08:12:03', '2018-06-08 08:00:00', 10),
(1529, 25, 1, 4, '0', '2018-06-08 09:26:28', '2018-06-06 06:30:00', 10),
(1530, 25, 1, 7, '0', '2018-06-08 09:26:50', '2018-06-07 06:30:00', 10),
(1531, 25, 1, 6, '0', '2018-06-08 09:27:08', '2018-06-08 06:30:00', 10),
(1532, 20, 1, 4, '0', '2018-06-08 09:27:35', '2018-06-01 07:00:00', 10),
(1533, 20, 1, 4, '0', '2018-06-08 09:30:31', '2018-06-06 07:00:00', 10),
(1534, 20, 1, 4, '0', '2018-06-08 09:30:51', '2018-06-07 06:30:00', 10),
(1535, 20, 1, 4, '0', '2018-06-08 09:31:09', '2018-06-08 07:00:00', 10),
(1536, 31, 1, 7, '0', '2018-06-08 09:33:04', '2018-06-06 06:00:00', 10),
(1537, 31, 1, 3, '0', '2018-06-08 09:33:40', '2018-06-07 14:00:00', 10),
(1538, 31, 1, 16, '0', '2018-06-08 14:09:39', '2018-06-08 14:09:00', 0),
(1539, 30, 1, 6, '0', '2018-06-08 17:12:08', '2018-06-08 17:00:00', 10),
(1540, 2, 1, 4, '0', '2018-06-08 17:37:51', '2018-06-06 17:30:00', 10),
(1541, 2, 1, 4, '0', '2018-06-08 17:41:05', '2018-06-07 20:30:00', 10),
(1542, 2, 1, 4, '0', '2018-06-08 17:41:38', '2018-06-08 17:41:00', 10),
(1543, 16, 1, 6, '0', '2018-06-08 18:09:43', '2018-06-07 17:45:00', 5),
(1544, 16, 1, 16, '0', '2018-06-08 18:10:31', '2018-06-08 18:10:00', 0),
(1545, 33, 1, 14, '0', '2018-06-08 18:19:12', '2018-06-07 18:15:00', 10),
(1546, 33, 1, 4, '*preposition, pronunciation, describe basic things like house, food. Pronouns', '2018-06-08 18:28:44', '2018-06-08 18:15:00', 10),
(1547, 29, 1, 4, '0', '2018-06-08 19:01:42', '2018-06-07 19:00:00', 10),
(1548, 15, 1, 2, '0', '2018-06-08 20:25:00', '2018-06-05 20:00:00', 10),
(1549, 15, 1, 16, '0', '2018-06-08 20:25:54', '2018-06-06 20:00:00', 10),
(1550, 15, 1, 7, '0', '2018-06-08 20:27:37', '2018-06-07 20:00:00', 10),
(1551, 15, 1, 6, '0', '2018-06-08 20:36:06', '2018-06-08 20:00:00', 29),
(1552, 35, 1, 2, '0', '2018-06-08 20:40:14', '2018-06-05 20:30:00', 10),
(1553, 35, 1, 7, '0', '2018-06-08 20:40:48', '2018-06-06 20:30:00', 10),
(1554, 35, 1, 6, '0', '2018-06-08 20:41:17', '2018-06-07 20:30:00', 10),
(1555, 35, 1, 6, '0', '2018-06-08 20:43:08', '2018-06-08 20:30:00', 10),
(1556, 26, 1, 12, '* confident !!', '2018-06-08 21:02:04', '2018-06-05 20:45:00', 13),
(1557, 26, 1, 17, '0', '2018-06-08 21:02:41', '2018-06-06 21:00:00', 10),
(1558, 26, 1, 6, '0', '2018-06-08 21:02:56', '2018-06-07 21:01:00', 10),
(1559, 26, 1, 3, '0', '2018-06-08 21:03:22', '2018-06-08 21:00:00', 10),
(1560, 1, 1, 16, 'cancel for time', '2018-06-08 21:07:43', '2018-06-07 21:07:00', 0),
(1561, 1, 1, 4, '0', '2018-06-08 21:15:55', '2018-06-08 21:11:00', 10),
(1562, 3, 1, 16, '0', '2018-06-08 21:20:18', '2018-06-08 21:15:00', 0),
(1563, 11, 1, 2, '0', '2018-06-08 21:40:32', '2018-06-07 21:35:00', 10),
(1564, 11, 1, 16, '0', '2018-06-08 21:40:55', '2018-06-08 21:35:00', 0),
(1565, 17, 1, 1, 'feedback & recommendations- Readin part', '2018-06-12 17:12:23', '2018-06-12 08:00:00', 10),
(1566, 9, 1, 1, 'Escoge phrasal verbs para aprender', '2018-06-12 17:18:39', '2018-06-12 19:30:00', 10),
(1567, 2, 1, 4, '0', '2018-06-12 17:48:22', '2018-06-12 17:30:00', 10),
(1568, 19, 1, 4, '0', '2018-06-12 18:19:24', '2018-06-12 18:00:00', 10),
(1569, 33, 1, 6, 'El pasado lo habla con dificultad!', '2018-06-12 18:31:35', '2018-06-12 18:00:00', 10),
(1570, 6, 1, 7, '0', '2018-06-12 18:42:24', '2018-06-12 18:30:00', 10),
(1571, 34, 1, 6, '0', '2018-06-12 18:57:55', '2018-06-07 18:45:00', 10),
(1572, 34, 1, 16, '0', '2018-06-12 18:58:03', '2018-06-08 18:57:00', 0),
(1573, 34, 1, 4, 'interview in Mintic', '2018-06-12 18:58:54', '2018-06-12 18:45:00', 10),
(1574, 3, 1, 4, '0', '2018-06-12 19:18:29', '2018-06-12 19:00:00', 10),
(1575, 15, 1, 16, '0', '2018-06-12 20:12:05', '2018-06-12 20:11:00', 0),
(1576, 35, 1, 9, 'Basic verbs, pronouns.', '2018-06-12 20:37:48', '2018-06-12 20:30:00', 10),
(1577, 26, 1, 17, '0', '2018-06-12 21:02:39', '2018-06-12 20:45:00', 10),
(1578, 1, 1, 4, 'could pronunciation,', '2018-06-12 21:16:55', '2018-06-12 21:15:00', 10),
(1579, 36, 1, 6, '0', '2018-06-12 21:30:48', '2018-06-12 21:15:00', 10),
(1580, 11, 1, 16, '0', '2018-06-12 22:09:10', '2018-06-12 22:09:00', 0),
(1581, 8, 1, 6, 'She forgot the vocabulary that is most common.', '2018-06-12 22:10:07', '2018-06-12 21:50:00', 10),
(1582, 25, 1, 6, '0', '2018-06-13 09:04:55', '2018-06-12 06:30:00', 10),
(1583, 25, 1, 11, '1:20Completely energizing every cell \r\n3:00 but if you are a focus on your specific goal \r\n5:11 where ever you''ll try to accomplish \r\nWhere you try to a', '2018-06-13 09:05:57', '2018-06-13 06:30:00', 10);

-- --------------------------------------------------------

--
-- Estructura de tabla para la tabla `roles`
--

CREATE TABLE IF NOT EXISTS `roles` (
  `id_rol` int(11) NOT NULL AUTO_INCREMENT,
  `nombre_rol` varchar(40) COLLATE utf8mb4_spanish_ci NOT NULL,
  PRIMARY KEY (`id_rol`)
) ENGINE=InnoDB  DEFAULT CHARSET=utf8mb4 COLLATE=utf8mb4_spanish_ci AUTO_INCREMENT=2 ;

--
-- Volcado de datos para la tabla `roles`
--

INSERT INTO `roles` (`id_rol`, `nombre_rol`) VALUES
(1, 'Tutor');

-- --------------------------------------------------------

--
-- Estructura de tabla para la tabla `tematicas`
--

CREATE TABLE IF NOT EXISTS `tematicas` (
  `id_tematica` int(11) NOT NULL AUTO_INCREMENT,
  `nombre_tematica` varchar(100) NOT NULL,
  PRIMARY KEY (`id_tematica`)
) ENGINE=InnoDB  DEFAULT CHARSET=latin1 AUTO_INCREMENT=18 ;

--
-- Volcado de datos para la tabla `tematicas`
--

INSERT INTO `tematicas` (`id_tematica`, `nombre_tematica`) VALUES
(1, 'present'),
(2, 'family'),
(3, 'friends'),
(4, 'work'),
(5, 'birthday'),
(6, 'daily routine'),
(7, 'trip'),
(8, 'believe/ feeling'),
(9, 'sickness'),
(10, 'sports'),
(11, 'hobbies'),
(12, 'projects'),
(13, 'business'),
(14, 'studies'),
(15, 'News'),
(16, 'No Answer the call'),
(17, 'Exercises (reading, tonguertwister, phrases...) ');

-- --------------------------------------------------------

--
-- Estructura de tabla para la tabla `tutores`
--

CREATE TABLE IF NOT EXISTS `tutores` (
  `id_tutor` int(11) NOT NULL AUTO_INCREMENT,
  `nombres` varchar(100) COLLATE utf8mb4_spanish_ci NOT NULL,
  `apellidos` varchar(100) COLLATE utf8mb4_spanish_ci NOT NULL,
  `id_rol` int(11) NOT NULL,
  `celular` bigint(11) NOT NULL,
  `correo` varchar(150) COLLATE utf8mb4_spanish_ci NOT NULL,
  `contraseña` varchar(200) COLLATE utf8mb4_spanish_ci NOT NULL,
  PRIMARY KEY (`id_tutor`),
  UNIQUE KEY `celular_UNIQUE` (`celular`),
  KEY `id_rol1` (`id_rol`)
) ENGINE=InnoDB  DEFAULT CHARSET=utf8mb4 COLLATE=utf8mb4_spanish_ci AUTO_INCREMENT=2 ;

--
-- Volcado de datos para la tabla `tutores`
--

INSERT INTO `tutores` (`id_tutor`, `nombres`, `apellidos`, `id_rol`, `celular`, `correo`, `contraseña`) VALUES
(1, 'Julieta', 'Acevedo', 1, 3174154090, 'hiline@hiline.com', '827ccb0eea8a706c4c34a16891f84e7b');

--
-- Restricciones para tablas volcadas
--

--
-- Filtros para la tabla `clientes`
--
ALTER TABLE `clientes`
  ADD CONSTRAINT `fk_clientes_1` FOREIGN KEY (`id_tutor`) REFERENCES `tutores` (`id_tutor`) ON DELETE CASCADE ON UPDATE CASCADE;

--
-- Filtros para la tabla `fortalezas`
--
ALTER TABLE `fortalezas`
  ADD CONSTRAINT `fk_categorias` FOREIGN KEY (`fk_categorias`) REFERENCES `categorias` (`id_categorias`) ON DELETE CASCADE ON UPDATE CASCADE;

--
-- Filtros para la tabla `fortalezas_llamadas`
--
ALTER TABLE `fortalezas_llamadas`
  ADD CONSTRAINT `fk_fortalezas` FOREIGN KEY (`fk_fortalezas`) REFERENCES `fortalezas` (`id_fortalezas`) ON DELETE CASCADE ON UPDATE CASCADE,
  ADD CONSTRAINT `fk_llamadas` FOREIGN KEY (`fK_llamadas`) REFERENCES `reporte_llamadas` (`id_reporte`) ON DELETE CASCADE ON UPDATE CASCADE;

--
-- Filtros para la tabla `reporte_llamadas`
--
ALTER TABLE `reporte_llamadas`
  ADD CONSTRAINT `fk_cliente` FOREIGN KEY (`id_cliente`) REFERENCES `clientes` (`id_cliente`) ON DELETE CASCADE ON UPDATE CASCADE,
  ADD CONSTRAINT `fk_tematicas` FOREIGN KEY (`id_tematica`) REFERENCES `tematicas` (`id_tematica`) ON DELETE CASCADE ON UPDATE CASCADE,
  ADD CONSTRAINT `fk_tutor` FOREIGN KEY (`id_tutor`) REFERENCES `tutores` (`id_tutor`) ON DELETE CASCADE ON UPDATE CASCADE;

--
-- Filtros para la tabla `tutores`
--
ALTER TABLE `tutores`
  ADD CONSTRAINT `fk_roles` FOREIGN KEY (`id_rol`) REFERENCES `roles` (`id_rol`) ON DELETE CASCADE ON UPDATE CASCADE;

/*!40101 SET CHARACTER_SET_CLIENT=@OLD_CHARACTER_SET_CLIENT */;
/*!40101 SET CHARACTER_SET_RESULTS=@OLD_CHARACTER_SET_RESULTS */;
/*!40101 SET COLLATION_CONNECTION=@OLD_COLLATION_CONNECTION */;
